Place,CA Places Key,GEOID,County,County label,Jurisdiction Type,Retail: Storefront,Retail: Non-Storefront,Distribution,Testing,Manufacturing,Cultivation,Are all CCA activites prohibited?,Is all retail prohibited?,CCA Prohibited by County,Updated
Alameda County,,,Alameda,Alameda County,County,Allowed,Allowed,Allowed,Allowed,Allowed,Allowed,No,No,No,2022-01-22
Alpine County,,,Alpine,Alpine County,County,Prohibited,Prohibited,Prohibited,Prohibited,Prohibited,Prohibited,Yes,Yes,Yes,2022-01-22
Amador County,,,Amador,Amador County,County,Prohibited,Prohibited,Prohibited,Prohibited,Prohibited,Prohibited,Yes,Yes,Yes,2022-01-22
Butte County,,,Butte,Butte County,County,Prohibited,Prohibited,Prohibited,Prohibited,Prohibited,Prohibited,Yes,Yes,Yes,2022-01-22
Calaveras County,,,Calaveras,Calaveras County,County,Allowed,Prohibited,Allowed,Prohibited,Prohibited,Allowed,No,No,No,2022-01-22
Colusa County,,,Colusa,Colusa County,County,Prohibited,Prohibited,Allowed,Allowed,Allowed,Allowed,No,Yes,No,2022-01-22
Contra Costa County,,,Contra Costa,Contra Costa County,County,Allowed,Allowed,Allowed,Allowed,Allowed,Allowed,No,No,No,2022-01-22
Del Norte County,,,Del Norte,Del Norte County,County,Allowed,Prohibited,Prohibited,Prohibited,Allowed,Allowed,No,No,No,2022-01-22
El Dorado County,,,El Dorado,El Dorado County,County,Allowed,Allowed,Allowed,Allowed,Allowed,Allowed,No,No,No,2022-01-22
Fresno County,,,Fresno,Fresno County,County,Prohibited,Prohibited,Prohibited,Prohibited,Prohibited,Prohibited,Yes,Yes,Yes,2022-01-22
Glenn County,,,Glenn,Glenn County,County,Prohibited,Prohibited,Prohibited,Prohibited,Prohibited,Prohibited,Yes,Yes,Yes,2022-01-22
Humboldt County,,,Humboldt,Humboldt County,County,Allowed,Allowed,Allowed,Allowed,Allowed,Allowed,No,No,No,2022-01-22
Imperial County,,,Imperial,Imperial County,County,Allowed,Allowed,Allowed,Allowed,Allowed,Allowed,No,No,No,2022-01-22
Inyo County,,,Inyo,Inyo County,County,Allowed,Allowed,Allowed,Allowed,Allowed,Allowed,No,No,No,2022-01-22
Kern County,,,Kern,Kern County,County,Prohibited,Prohibited,Prohibited,Prohibited,Prohibited,Prohibited,Yes,Yes,Yes,2022-01-22
Kings County,,,Kings,Kings County,County,Prohibited,Prohibited,Prohibited,Prohibited,Prohibited,Prohibited,Yes,Yes,Yes,2022-01-22
Lake County,,,Lake,Lake County,County,Allowed,Prohibited,Allowed,Allowed,Allowed,Allowed,No,Yes,No,2022-11-18
Lassen County,,,Lassen,Lassen County,County,Allowed,Prohibited,Prohibited,Allowed,Prohibited,Prohibited,No,No,No,2022-01-22
Los Angeles County,,,Los Angeles,Los Angeles County,County,Prohibited,Prohibited,Prohibited,Prohibited,Prohibited,Prohibited,Yes,Yes,Yes,2022-01-22
Madera County,,,Madera,Madera County,County,Prohibited,Prohibited,Prohibited,Prohibited,Prohibited,Prohibited,Yes,Yes,Yes,2022-01-22
Marin County,,,Marin,Marin County,County,Prohibited,Limited-Medical Only,Prohibited,Prohibited,Prohibited,Prohibited,No,No,No,2022-01-22
Mariposa County,,,Mariposa,Mariposa County,County,Prohibited,Prohibited,Prohibited,Prohibited,Prohibited,Prohibited,Yes,Yes,Yes,2022-01-22
Mendocino County,,,Mendocino,Mendocino County,County,Allowed,Allowed,Allowed,Allowed,Allowed,Allowed,No,No,No,2022-01-22
Merced County,,,Merced,Merced County,County,Prohibited,Prohibited,Prohibited,Prohibited,Prohibited,Prohibited,Yes,Yes,Yes,2022-01-22
Modoc County,,,Modoc,Modoc County,County,Prohibited,Prohibited,Prohibited,Prohibited,Prohibited,Prohibited,Yes,Yes,Yes,2022-01-22
Mono County,,,Mono,Mono County,County,Allowed,Prohibited,Allowed,Allowed,Allowed,Allowed,No,No,No,2022-01-22
Monterey County,,,Monterey,Monterey County,County,Allowed,Allowed,Allowed,Allowed,Allowed,Allowed,No,No,No,2022-01-22
Napa County,,,Napa,Napa County,County,Prohibited,Prohibited,Prohibited,Prohibited,Prohibited,Prohibited,Yes,Yes,Yes,2022-01-22
Nevada County,,,Nevada,Nevada County,County,Prohibited,Prohibited,Allowed,Prohibited,Prohibited,Limited-Medical Only,No,Yes,No,2022-01-22
Orange County,,,Orange,Orange County,County,Prohibited,Prohibited,Prohibited,Prohibited,Prohibited,Prohibited,Yes,Yes,Yes,2022-01-22
Placer County,,,Placer,Placer County,County,Prohibited,Prohibited,Prohibited,Prohibited,Prohibited,Prohibited,Yes,Yes,Yes,2022-01-22
Plumas County,,,Plumas,Plumas County,County,Prohibited,Prohibited,Prohibited,Prohibited,Prohibited,Prohibited,Yes,Yes,Yes,2022-01-22
Riverside County,,,Riverside,Riverside County,County,Allowed,Allowed,Allowed,Allowed,Allowed,Allowed,No,No,No,2022-01-22
Sacramento County,,,Sacramento,Sacramento County,County,Prohibited,Prohibited,Prohibited,Prohibited,Prohibited,Prohibited,Yes,Yes,Yes,2022-01-22
San Benito County,,,San Benito,San Benito County,County,Prohibited,Prohibited,Allowed,Allowed,Allowed,Allowed,No,Yes,No,2022-01-22
San Bernardino County,,,San Bernardino,San Bernardino County,County,Prohibited,Prohibited,Prohibited,Prohibited,Prohibited,Prohibited,Yes,Yes,Yes,2022-01-22
San Diego County,,,San Diego,San Diego County,County,Allowed,Prohibited,Allowed,Prohibited,Allowed,Allowed,No,No,No,2022-01-22
San Francisco County,,,San Francisco,San Francisco County,County,Allowed,Allowed,Allowed,Allowed,Allowed,Allowed,No,No,No,2022-03-17
San Joaquin County,,,San Joaquin,San Joaquin County,County,Prohibited,Allowed,Allowed,Allowed,Allowed,Allowed,No,No,No,2022-01-22
San Luis Obispo County,,,San Luis Obispo,San Luis Obispo County,County,Prohibited,Allowed,Allowed,Allowed,Allowed,Allowed,No,No,No,2022-01-22
San Mateo County,,,San Mateo,San Mateo County,County,Prohibited,Prohibited,Prohibited,Prohibited,Prohibited,Allowed,No,Yes,No,2022-01-22
Santa Barbara County,,,Santa Barbara,Santa Barbara County,County,Allowed,Allowed,Allowed,Allowed,Allowed,Allowed,No,No,No,2022-01-22
Santa Clara County,,,Santa Clara,Santa Clara County,County,Prohibited,Prohibited,Prohibited,Prohibited,Prohibited,Prohibited,Yes,Yes,Yes,2022-01-22
Santa Cruz County,,,Santa Cruz,Santa Cruz County,County,Allowed,Allowed,Allowed,Prohibited,Allowed,Allowed,No,No,No,2022-01-22
Shasta County,,,Shasta,Shasta County,County,Prohibited,Prohibited,Prohibited,Prohibited,Prohibited,Prohibited,Yes,Yes,Yes,2022-01-22
Sierra County,,,Sierra,Sierra County,County,Prohibited,Prohibited,Prohibited,Prohibited,Prohibited,Prohibited,Yes,Yes,Yes,2022-01-22
Siskiyou County,,,Siskiyou,Siskiyou County,County,Prohibited,Prohibited,Prohibited,Prohibited,Prohibited,Prohibited,Yes,Yes,Yes,2022-01-22
Solano County,,,Solano,Solano County,County,Prohibited,Prohibited,Prohibited,Prohibited,Prohibited,Prohibited,Yes,Yes,Yes,2022-01-22
Sonoma County,,,Sonoma,Sonoma County,County,Allowed,Allowed,Allowed,Allowed,Allowed,Allowed,No,No,No,2022-01-22
Stanislaus County,,,Stanislaus,Stanislaus County,County,Allowed,Allowed,Allowed,Allowed,Allowed,Allowed,No,No,No,2022-01-22
Sutter County,,,Sutter,Sutter County,County,Prohibited,Prohibited,Prohibited,Prohibited,Prohibited,Prohibited,Yes,Yes,Yes,2022-01-22
Tehama County,,,Tehama,Tehama County,County,Prohibited,Prohibited,Prohibited,Prohibited,Prohibited,Prohibited,Yes,Yes,Yes,2022-01-22
Trinity County,,,Trinity,Trinity County,County,Prohibited,Allowed,Allowed,Allowed,Allowed,Allowed,No,No,No,2022-01-22
Tulare County,,,Tulare,Tulare County,County,Limited-Medical Only,Prohibited,Prohibited,Prohibited,Prohibited,Limited-Medical Only,No,No,No,2022-01-22
Tuolumne County,,,Tuolumne,Tuolumne County,County,Prohibited,Prohibited,Prohibited,Prohibited,Prohibited,Prohibited,Yes,Yes,Yes,2022-01-22
Ventura County,,,Ventura,Ventura County,County,Prohibited,Prohibited,Allowed,Prohibited,Prohibited,Allowed,No,Yes,No,2022-01-22
Yolo County,,,Yolo,Yolo County,County,Allowed,Allowed,Allowed,Allowed,Allowed,Allowed,No,No,No,2022-01-22
Yuba County,,,Yuba,Yuba County,County,Prohibited,Prohibited,Prohibited,Prohibited,Prohibited,Prohibited,Yes,Yes,Yes,2022-01-22
Alameda,Alameda,0600562,Alameda,Alameda County,City,Allowed,Allowed,Allowed,Allowed,Allowed,Allowed,No,No,,2022-01-22
Albany,Albany,0600674,Alameda,Alameda County,City,Prohibited,Prohibited,Prohibited,Prohibited,Prohibited,Prohibited,Yes,Yes,,2022-01-22
Berkeley,Berkeley,0606000,Alameda,Alameda County,City,Allowed,Allowed,Allowed,Allowed,Allowed,Allowed,No,No,,2022-01-22
Dublin,Dublin,0620018,Alameda,Alameda County,City,Prohibited,Prohibited,Prohibited,Prohibited,Prohibited,Prohibited,Yes,Yes,,2022-01-22
Emeryville,Emeryville,0622594,Alameda,Alameda County,City,Allowed,Allowed,Allowed,Allowed,Allowed,Prohibited,No,No,,2022-01-22
Fremont,Fremont,0626000,Alameda,Alameda County,City,Prohibited,Prohibited,Prohibited,Prohibited,Prohibited,Prohibited,Yes,Yes,,2022-01-22
Hayward,Hayward,0633000,Alameda,Alameda County,City,Allowed,Allowed,Allowed,Allowed,Allowed,Allowed,No,No,,2022-01-22
Livermore,Livermore,0641992,Alameda,Alameda County,City,Prohibited,Prohibited,Prohibited,Prohibited,Prohibited,Prohibited,Yes,Yes,,2022-01-22
Newark,Newark,0650916,Alameda,Alameda County,City,Prohibited,Prohibited,Prohibited,Prohibited,Prohibited,Prohibited,Yes,Yes,,2022-01-22
Oakland,Oakland,0653000,Alameda,Alameda County,City,Allowed,Allowed,Allowed,Allowed,Allowed,Allowed,No,No,,2022-01-22
Piedmont,Piedmont,0656938,Alameda,Alameda County,City,Prohibited,Prohibited,Prohibited,Prohibited,Prohibited,Prohibited,Yes,Yes,,2022-01-22
Pleasanton,Pleasanton,0657792,Alameda,Alameda County,City,Prohibited,Prohibited,Prohibited,Prohibited,Prohibited,Prohibited,Yes,Yes,,2022-01-22
San Leandro,San Leandro,0668084,Alameda,Alameda County,City,Allowed,Allowed,Allowed,Allowed,Allowed,Prohibited,No,No,,2022-01-22
Union City,Union City,0681204,Alameda,Alameda County,City,Allowed,Allowed,Allowed,Allowed,Allowed,Allowed,No,No,,2022-01-22
Amador City,Amador City,0601514,Amador,Amador County,City,Prohibited,Prohibited,Prohibited,Prohibited,Prohibited,Prohibited,Yes,Yes,,2022-01-22
Ione,Ione,0636672,Amador,Amador County,City,Prohibited,Prohibited,Prohibited,Prohibited,Prohibited,Prohibited,Yes,Yes,,2022-01-22
Jackson,Jackson,0636980,Amador,Amador County,City,Prohibited,Prohibited,Prohibited,Prohibited,Prohibited,Prohibited,Yes,Yes,,2022-01-22
Plymouth,Plymouth,0657834,Amador,Amador County,City,Prohibited,Prohibited,Prohibited,Prohibited,Prohibited,Prohibited,Yes,Yes,,2022-01-22
Sutter Creek,Sutter Creek,0677392,Amador,Amador County,City,Prohibited,Prohibited,Prohibited,Prohibited,Prohibited,Prohibited,Yes,Yes,,2022-01-22
Biggs,Biggs,0606560,Butte,Butte County,City,Prohibited,Prohibited,Prohibited,Prohibited,Prohibited,Prohibited,Yes,Yes,,2022-01-22
Chico,Chico,0613014,Butte,Butte County,City,Allowed,Allowed,Allowed,Allowed,Allowed,Prohibited,No,No,,2022-01-22
Gridley,Gridley,0631260,Butte,Butte County,City,Prohibited,Prohibited,Prohibited,Prohibited,Prohibited,Prohibited,Yes,Yes,,2022-01-22
Oroville,Oroville,0654386,Butte,Butte County,City,Prohibited,Prohibited,Prohibited,Prohibited,Prohibited,Prohibited,Yes,Yes,,2022-01-22
Paradise,Paradise,0655520,Butte,Butte County,City,Prohibited,Prohibited,Prohibited,Prohibited,Prohibited,Prohibited,Yes,Yes,,2022-01-22
Angels Camp,Angels,0602112,Calaveras,Calaveras County,City,Prohibited,Prohibited,Prohibited,Prohibited,Prohibited,Prohibited,Yes,Yes,,2022-01-22
Colusa,Colusa,0614946,Colusa,Colusa County,City,Prohibited,Prohibited,Prohibited,Prohibited,Allowed,Prohibited,No,Yes,,2022-01-22
Williams,Williams,0685586,Colusa,Colusa County,City,Prohibited,Prohibited,Allowed,Allowed,Allowed,Allowed,No,Yes,,2022-01-22
Antioch,Antioch,0602252,Contra Costa,Contra Costa County,City,Allowed,Allowed,Allowed,Allowed,Allowed,Allowed,No,No,,2022-01-22
Brentwood,Brentwood,0608142,Contra Costa,Contra Costa County,City,Prohibited,Prohibited,Prohibited,Prohibited,Prohibited,Prohibited,Yes,Yes,,2022-01-22
Clayton,Clayton,0613882,Contra Costa,Contra Costa County,City,Prohibited,Prohibited,Prohibited,Prohibited,Prohibited,Prohibited,Yes,Yes,,2022-01-22
Concord,Concord,0616000,Contra Costa,Contra Costa County,City,Allowed,Allowed,Allowed,Allowed,Allowed,Prohibited,No,No,,2022-01-22
Danville,Danville,0617988,Contra Costa,Contra Costa County,City,Prohibited,Prohibited,Prohibited,Prohibited,Prohibited,Prohibited,Yes,Yes,,2022-01-22
El Cerrito,El Cerrito,0621796,Contra Costa,Contra Costa County,City,Allowed,Prohibited,Prohibited,Prohibited,Prohibited,Prohibited,No,No,,2022-01-22
Hercules,Hercules,0633308,Contra Costa,Contra Costa County,City,Prohibited,Prohibited,Prohibited,Prohibited,Prohibited,Prohibited,Yes,Yes,,2022-01-22
Lafayette,Lafayette,0639122,Contra Costa,Contra Costa County,City,Prohibited,Prohibited,Prohibited,Prohibited,Prohibited,Prohibited,Yes,Yes,,2022-01-22
Martinez,Martinez,0646114,Contra Costa,Contra Costa County,City,Allowed,Allowed,Allowed,Allowed,Allowed,Prohibited,No,No,,2022-01-22
Moraga,Moraga,0649187,Contra Costa,Contra Costa County,City,Prohibited,Prohibited,Prohibited,Prohibited,Prohibited,Prohibited,Yes,Yes,,2022-01-22
Oakley,Oakley,0653070,Contra Costa,Contra Costa County,City,Prohibited,Prohibited,Prohibited,Prohibited,Prohibited,Prohibited,Yes,Yes,,2022-01-22
Orinda,Orinda,0654232,Contra Costa,Contra Costa County,City,Prohibited,Prohibited,Prohibited,Prohibited,Prohibited,Prohibited,Yes,Yes,,2022-01-22
Pinole,Pinole,0657288,Contra Costa,Contra Costa County,City,Prohibited,Prohibited,Prohibited,Prohibited,Prohibited,Prohibited,Yes,Yes,,2022-01-22
Pittsburg,Pittsburg,0657456,Contra Costa,Contra Costa County,City,Prohibited,Prohibited,Allowed,Allowed,Allowed,Prohibited,No,Yes,,2022-01-22
Pleasant Hill,Pleasant Hill,0657764,Contra Costa,Contra Costa County,City,Prohibited,Limited-Medical Only,Prohibited,Prohibited,Prohibited,Prohibited,No,No,,2022-01-22
Richmond,Richmond,0660620,Contra Costa,Contra Costa County,City,Allowed,Allowed,Allowed,Allowed,Allowed,Allowed,No,No,,2022-01-22
San Pablo,San Pablo,0668294,Contra Costa,Contra Costa County,City,Prohibited,Prohibited,Prohibited,Prohibited,Prohibited,Prohibited,Yes,Yes,,2022-01-22
San Ramon,San Ramon,0668378,Contra Costa,Contra Costa County,City,Prohibited,Prohibited,Prohibited,Prohibited,Prohibited,Prohibited,Yes,Yes,,2022-01-22
Walnut Creek,Walnut Creek,0683346,Contra Costa,Contra Costa County,City,Prohibited,Limited-Medical Only,Prohibited,Prohibited,Prohibited,Prohibited,No,No,,2022-01-22
Crescent City,Crescent City,0617022,Del Norte,Del Norte County,City,Allowed,Allowed,Allowed,Allowed,Allowed,Allowed,No,No,,2022-01-22
Placerville,Placerville,0657540,El Dorado,El Dorado County,City,Allowed,Allowed,Allowed,Allowed,Prohibited,Prohibited,No,No,,2022-01-22
South Lake Tahoe,South Lake Tahoe,0673108,El Dorado,El Dorado County,City,Allowed,Allowed,Allowed,Allowed,Allowed,Allowed,No,No,,2022-01-22
Clovis,Clovis,0614218,Fresno,Fresno County,City,Prohibited,Prohibited,Prohibited,Allowed,Prohibited,Prohibited,No,Yes,,2022-01-22
Coalinga,Coalinga,0614274,Fresno,Fresno County,City,Allowed,Allowed,Allowed,Allowed,Allowed,Allowed,No,No,,2022-01-22
Firebaugh,Firebaugh,0624134,Fresno,Fresno County,City,Allowed,Allowed,Allowed,Allowed,Allowed,Allowed,No,No,,2022-01-22
Fowler,Fowler,0625436,Fresno,Fresno County,City,Prohibited,Prohibited,Prohibited,Prohibited,Prohibited,Prohibited,Yes,Yes,,2022-01-22
Fresno,Fresno,0627000,Fresno,Fresno County,City,Allowed,Allowed,Allowed,Allowed,Allowed,Allowed,No,No,,2022-01-22
Huron,Huron,0636084,Fresno,Fresno County,City,Prohibited,Prohibited,Prohibited,Prohibited,Prohibited,Prohibited,Yes,Yes,,2022-01-22
Kerman,Kerman,0638226,Fresno,Fresno County,City,Prohibited,Prohibited,Prohibited,Prohibited,Prohibited,Prohibited,Yes,Yes,,2022-01-22
Kingsburg,Kingsburg,0638562,Fresno,Fresno County,City,Prohibited,Prohibited,Prohibited,Prohibited,Prohibited,Prohibited,Yes,Yes,,2022-01-22
Mendota,Mendota,0646828,Fresno,Fresno County,City,Allowed,Allowed,Allowed,Allowed,Allowed,Allowed,No,No,,2022-01-22
Orange Cove,Orange Cove,0654008,Fresno,Fresno County,City,Prohibited,Prohibited,Prohibited,Prohibited,Prohibited,Prohibited,Yes,Yes,,2022-01-22
Parlier,Parlier,0655856,Fresno,Fresno County,City,Prohibited,Prohibited,Allowed,Allowed,Allowed,Allowed,No,Yes,,2022-01-22
Reedley,Reedley,0660242,Fresno,Fresno County,City,Prohibited,Prohibited,Prohibited,Prohibited,Prohibited,Prohibited,Yes,Yes,,2022-01-22
San Joaquin,San Joaquin,0667126,Fresno,Fresno County,City,Prohibited,Prohibited,Prohibited,Prohibited,Prohibited,Prohibited,Yes,Yes,,2022-01-22
Sanger,Sanger,0667056,Fresno,Fresno County,City,Prohibited,Prohibited,Prohibited,Prohibited,Prohibited,Prohibited,Yes,Yes,,2022-01-22
Selma,Selma,0670882,Fresno,Fresno County,City,Prohibited,Prohibited,Prohibited,Prohibited,Prohibited,Prohibited,Yes,Yes,,2022-01-22
Orland,Orland,0654274,Glenn,Glenn County,City,Prohibited,Prohibited,Prohibited,Prohibited,Prohibited,Prohibited,Yes,Yes,,2022-01-22
Willows,Willows,0685684,Glenn,Glenn County,City,Allowed,Allowed,Prohibited,Prohibited,Prohibited,Prohibited,No,No,,2022-01-22
Arcata,Arcata,0602476,Humboldt,Humboldt County,City,Allowed,Allowed,Allowed,Allowed,Allowed,Allowed,No,No,,2022-01-22
Blue Lake,Blue Lake,0607162,Humboldt,Humboldt County,City,Prohibited,Prohibited,Prohibited,Prohibited,Prohibited,Prohibited,Yes,Yes,,2022-01-22
Eureka,Eureka,0623042,Humboldt,Humboldt County,City,Allowed,Allowed,Allowed,Allowed,Allowed,Allowed,No,No,,2022-01-22
Ferndale,Ferndale,0623910,Humboldt,Humboldt County,City,Prohibited,Prohibited,Prohibited,Prohibited,Prohibited,Prohibited,Yes,Yes,,2022-01-22
Fortuna,Fortuna,0625296,Humboldt,Humboldt County,City,Prohibited,Prohibited,Prohibited,Prohibited,Prohibited,Prohibited,Yes,Yes,,2022-01-22
Rio Dell,Rio Dell,0660900,Humboldt,Humboldt County,City,Allowed,Prohibited,Allowed,Allowed,Allowed,Allowed,No,No,,2022-01-22
Trinidad,Trinidad,0680448,Humboldt,Humboldt County,City,Prohibited,Prohibited,Prohibited,Prohibited,Prohibited,Prohibited,Yes,Yes,,2022-01-22
Brawley,Brawley,0608058,Imperial,Imperial County,City,Prohibited,Prohibited,Prohibited,Prohibited,Prohibited,Prohibited,Yes,Yes,,2022-01-22
Calexico,Calexico,0609710,Imperial,Imperial County,City,Allowed,Allowed,Allowed,Allowed,Allowed,Allowed,No,No,,2022-01-22
Calipatria,Calipatria,0609878,Imperial,Imperial County,City,Prohibited,Prohibited,Prohibited,Prohibited,Prohibited,Prohibited,Yes,Yes,,2022-01-22
El Centro,El Centro,0621782,Imperial,Imperial County,City,Allowed,Prohibited,Prohibited,Prohibited,Prohibited,Prohibited,No,No,,2022-01-22
Holtville,Holtville,0634246,Imperial,Imperial County,City,Prohibited,Prohibited,Prohibited,Prohibited,Prohibited,Prohibited,Yes,Yes,,2022-01-22
Imperial,Imperial,0636280,Imperial,Imperial County,City,Allowed,Prohibited,Prohibited,Prohibited,Prohibited,Prohibited,No,No,,2022-01-22
Westmorland,Westmorland,0684606,Imperial,Imperial County,City,Prohibited,Prohibited,Prohibited,Prohibited,Prohibited,Prohibited,Yes,Yes,,2022-01-22
Bishop,Bishop,0606798,Inyo,Inyo County,City,Allowed,Allowed,Prohibited,Prohibited,Prohibited,Prohibited,No,No,,2022-01-22
Arvin,Arvin,0602924,Kern,Kern County,City,Prohibited,Allowed,Allowed,Allowed,Allowed,Allowed,No,No,,2022-01-22
Bakersfield,Bakersfield,0603526,Kern,Kern County,City,Prohibited,Prohibited,Prohibited,Prohibited,Prohibited,Prohibited,Yes,Yes,,2022-01-22
California City,California City,0609780,Kern,Kern County,City,Allowed,Allowed,Allowed,Allowed,Allowed,Allowed,No,No,,2022-01-22
Delano,Delano,0618394,Kern,Kern County,City,Prohibited,Prohibited,Prohibited,Prohibited,Prohibited,Prohibited,Yes,Yes,,2022-01-22
Maricopa,Maricopa,0645736,Kern,Kern County,City,Prohibited,Prohibited,Prohibited,Prohibited,Prohibited,Prohibited,Yes,Yes,,2022-01-22
McFarland,McFarland,0644826,Kern,Kern County,City,Prohibited,Prohibited,Prohibited,Prohibited,Prohibited,Prohibited,Yes,Yes,,2022-01-22
Ridgecrest,Ridgecrest,0660704,Kern,Kern County,City,Prohibited,Prohibited,Prohibited,Prohibited,Prohibited,Prohibited,Yes,Yes,,2022-01-22
Shafter,Shafter,0671106,Kern,Kern County,City,Prohibited,Prohibited,Prohibited,Prohibited,Prohibited,Prohibited,Yes,Yes,,2022-01-22
Taft,Taft,0677574,Kern,Kern County,City,Prohibited,Prohibited,Prohibited,Prohibited,Prohibited,Prohibited,Yes,Yes,,2022-01-22
Tehachapi,Tehachapi,0678092,Kern,Kern County,City,Prohibited,Prohibited,Prohibited,Prohibited,Prohibited,Prohibited,Yes,Yes,,2022-01-22
Wasco,Wasco,0683542,Kern,Kern County,City,Prohibited,Prohibited,Prohibited,Prohibited,Prohibited,Prohibited,Yes,Yes,,2022-01-22
Avenal,Avenal,0603302,Kings,Kings County,City,Prohibited,Prohibited,Prohibited,Prohibited,Prohibited,Prohibited,Yes,Yes,,2022-01-22
Corcoran,Corcoran,0616224,Kings,Kings County,City,Prohibited,Prohibited,Prohibited,Prohibited,Prohibited,Prohibited,Yes,Yes,,2022-01-22
Hanford,Hanford,0631960,Kings,Kings County,City,Allowed,Allowed,Allowed,Allowed,Allowed,Allowed,No,No,,2022-01-22
Lemoore,Lemoore,0641152,Kings,Kings County,City,Allowed,Allowed,Allowed,Allowed,Allowed,Allowed,No,No,,2022-01-22
Clearlake,Clearlake,0613945,Lake,Lake County,City,Allowed,Allowed,Allowed,Allowed,Allowed,Allowed,No,No,,2022-01-22
Lakeport,Lakeport,0639710,Lake,Lake County,City,Prohibited,Allowed,Allowed,Allowed,Allowed,Allowed,No,No,,2022-01-22
Susanville,Susanville,0677364,Lassen,Lassen County,City,Prohibited,Prohibited,Prohibited,Prohibited,Prohibited,Prohibited,Yes,Yes,,2022-01-22
Agoura Hills,Agoura Hills,0600394,Los Angeles,Los Angeles County,City,Prohibited,Prohibited,Prohibited,Prohibited,Prohibited,Prohibited,Yes,Yes,,2022-01-22
Alhambra,Alhambra,0600884,Los Angeles,Los Angeles County,City,Prohibited,Prohibited,Prohibited,Prohibited,Prohibited,Prohibited,Yes,Yes,,2022-01-22
Arcadia,Arcadia,0602462,Los Angeles,Los Angeles County,City,Prohibited,Prohibited,Prohibited,Prohibited,Prohibited,Prohibited,Yes,Yes,,2022-01-22
Artesia,Artesia,0602896,Los Angeles,Los Angeles County,City,Prohibited,Prohibited,Prohibited,Prohibited,Prohibited,Prohibited,Yes,Yes,,2022-01-22
Avalon (Catalina Island),Avalon,0603274,Los Angeles,Los Angeles County,City,Prohibited,Limited-Medical Only,Prohibited,Prohibited,Prohibited,Prohibited,No,No,,2022-01-22
Azusa,Azusa,0603386,Los Angeles,Los Angeles County,City,Prohibited,Prohibited,Prohibited,Prohibited,Prohibited,Prohibited,Yes,Yes,,2022-01-22
Baldwin Park,Baldwin Park,0603666,Los Angeles,Los Angeles County,City,Prohibited,Prohibited,Allowed,Prohibited,Allowed,Allowed,No,Yes,,2022-01-22
Bell,Bell,0604870,Los Angeles,Los Angeles County,City,Prohibited,Prohibited,Limited-Medical Only,Limited-Medical Only,Limited-Medical Only,Limited-Medical Only,No,Yes,,2022-01-22
Bell Gardens,Bell Gardens,0604996,Los Angeles,Los Angeles County,City,Prohibited,Prohibited,Prohibited,Prohibited,Prohibited,Prohibited,Yes,Yes,,2022-01-22
Bellflower,Bellflower,0604982,Los Angeles,Los Angeles County,City,Allowed,Allowed,Allowed,Allowed,Allowed,Allowed,No,No,,2022-01-22
Beverly Hills,Beverly Hills,0606308,Los Angeles,Los Angeles County,City,Prohibited,Prohibited,Prohibited,Prohibited,Prohibited,Prohibited,Yes,Yes,,2022-01-22
Bradbury,Bradbury,0607946,Los Angeles,Los Angeles County,City,Prohibited,Prohibited,Prohibited,Prohibited,Prohibited,Prohibited,Yes,Yes,,2022-01-22
Burbank,Burbank,0608954,Los Angeles,Los Angeles County,City,Prohibited,Prohibited,Prohibited,Prohibited,Prohibited,Prohibited,Yes,Yes,,2022-01-22
Calabasas,Calabasas,0609598,Los Angeles,Los Angeles County,City,Prohibited,Prohibited,Prohibited,Prohibited,Prohibited,Prohibited,Yes,Yes,,2022-01-22
Carson,Carson,0611530,Los Angeles,Los Angeles County,City,Prohibited,Prohibited,Allowed,Allowed,Allowed,Allowed,No,Yes,,2022-01-22
Cerritos,Cerritos,0612552,Los Angeles,Los Angeles County,City,Prohibited,Prohibited,Prohibited,Prohibited,Prohibited,Prohibited,Yes,Yes,,2022-01-22
Claremont,Claremont,0613756,Los Angeles,Los Angeles County,City,Prohibited,Prohibited,Prohibited,Prohibited,Prohibited,Prohibited,Yes,Yes,,2022-01-22
Commerce,Commerce,0614974,Los Angeles,Los Angeles County,City,Prohibited,Allowed,Allowed,Allowed,Allowed,Allowed,No,No,,2022-01-22
Compton,Compton,0615044,Los Angeles,Los Angeles County,City,Prohibited,Prohibited,Prohibited,Prohibited,Prohibited,Prohibited,Yes,Yes,,2022-01-22
Covina,Covina,0616742,Los Angeles,Los Angeles County,City,Prohibited,Prohibited,Prohibited,Prohibited,Prohibited,Prohibited,Yes,Yes,,2022-01-22
Cudahy,Cudahy,0617498,Los Angeles,Los Angeles County,City,Prohibited,Limited-Medical Only,Limited-Medical Only,Limited-Medical Only,Limited-Medical Only,Limited-Medical Only,No,No,,2022-01-22
Culver City,Culver City,0617568,Los Angeles,Los Angeles County,City,Allowed,Allowed,Allowed,Allowed,Allowed,Allowed,No,No,,2022-01-22
Diamond Bar,Diamond Bar,0619192,Los Angeles,Los Angeles County,City,Prohibited,Prohibited,Prohibited,Prohibited,Prohibited,Prohibited,Yes,Yes,,2022-01-22
Downey,Downey,0619766,Los Angeles,Los Angeles County,City,Prohibited,Prohibited,Prohibited,Prohibited,Prohibited,Prohibited,Yes,Yes,,2022-01-22
Duarte,Duarte,0619990,Los Angeles,Los Angeles County,City,Prohibited,Prohibited,Prohibited,Prohibited,Prohibited,Prohibited,Yes,Yes,,2022-01-22
El Monte,El Monte,0622230,Los Angeles,Los Angeles County,City,Allowed,Allowed,Allowed,Allowed,Allowed,Allowed,No,No,,2022-01-22
El Segundo,El Segundo,0622412,Los Angeles,Los Angeles County,City,Prohibited,Prohibited,Prohibited,Prohibited,Prohibited,Prohibited,Yes,Yes,,2022-01-22
Gardena,Gardena,0628168,Los Angeles,Los Angeles County,City,Prohibited,Prohibited,Prohibited,Prohibited,Prohibited,Prohibited,Yes,Yes,,2022-01-22
Glendale,Glendale,0630000,Los Angeles,Los Angeles County,City,Prohibited,Prohibited,Prohibited,Prohibited,Prohibited,Prohibited,Yes,Yes,,2022-01-22
Glendora,Glendora,0630014,Los Angeles,Los Angeles County,City,Prohibited,Prohibited,Prohibited,Prohibited,Prohibited,Prohibited,Yes,Yes,,2022-01-22
Hawaiian Gardens,Hawaiian Gardens,0632506,Los Angeles,Los Angeles County,City,Prohibited,Prohibited,Prohibited,Prohibited,Prohibited,Prohibited,Yes,Yes,,2022-01-22
Hawthorne,Hawthorne,0632548,Los Angeles,Los Angeles County,City,Prohibited,Prohibited,Prohibited,Prohibited,Prohibited,Prohibited,Yes,Yes,,2022-01-22
Hermosa Beach,Hermosa Beach,0633364,Los Angeles,Los Angeles County,City,Prohibited,Prohibited,Prohibited,Prohibited,Prohibited,Prohibited,Yes,Yes,,2022-01-22
Hidden Hills,Hidden Hills,0633518,Los Angeles,Los Angeles County,City,Prohibited,Prohibited,Prohibited,Prohibited,Prohibited,Prohibited,Yes,Yes,,2022-01-22
Huntington Park,Huntington Park,0636056,Los Angeles,Los Angeles County,City,Limited-Medical Only,Allowed,Prohibited,Prohibited,Allowed,Allowed,No,No,,2022-01-22
Industry,Industry,0636490,Los Angeles,Los Angeles County,City,Prohibited,Prohibited,Prohibited,Prohibited,Prohibited,Prohibited,Yes,Yes,,2022-01-22
Inglewood,Inglewood,0636546,Los Angeles,Los Angeles County,City,Prohibited,Prohibited,Prohibited,Prohibited,Prohibited,Prohibited,Yes,Yes,,2022-01-22
Irwindale,Irwindale,0636826,Los Angeles,Los Angeles County,City,Prohibited,Prohibited,Prohibited,Prohibited,Prohibited,Prohibited,Yes,Yes,,2022-01-22
La Cañada Flintridge,La Cañada Flintridge,0639003,Los Angeles,Los Angeles County,City,Prohibited,Prohibited,Prohibited,Prohibited,Prohibited,Prohibited,Yes,Yes,,2022-01-22
La Habra Heights,La Habra Heights,0639304,Los Angeles,Los Angeles County,City,Prohibited,Prohibited,Prohibited,Prohibited,Prohibited,Prohibited,Yes,Yes,,2022-01-22
La Mirada,La Mirada,0640032,Los Angeles,Los Angeles County,City,Prohibited,Prohibited,Prohibited,Prohibited,Prohibited,Prohibited,Yes,Yes,,2022-01-22
La Puente,La Puente,0640340,Los Angeles,Los Angeles County,City,Prohibited,Prohibited,Prohibited,Prohibited,Prohibited,Prohibited,Yes,Yes,,2022-01-22
La Verne,La Verne,0640830,Los Angeles,Los Angeles County,City,Prohibited,Prohibited,Prohibited,Prohibited,Prohibited,Prohibited,Yes,Yes,,2022-01-22
Lakewood,Lakewood,0639892,Los Angeles,Los Angeles County,City,Prohibited,Prohibited,Prohibited,Prohibited,Prohibited,Prohibited,Yes,Yes,,2022-01-22
Lancaster,Lancaster,0640130,Los Angeles,Los Angeles County,City,Allowed,Allowed,Allowed,Allowed,Allowed,Allowed,No,No,,2022-01-22
Lawndale,Lawndale,0640886,Los Angeles,Los Angeles County,City,Prohibited,Prohibited,Prohibited,Prohibited,Prohibited,Prohibited,Yes,Yes,,2022-01-22
Lomita,Lomita,0642468,Los Angeles,Los Angeles County,City,Prohibited,Prohibited,Prohibited,Prohibited,Prohibited,Prohibited,Yes,Yes,,2022-01-22
Long Beach,Long Beach,0643000,Los Angeles,Los Angeles County,City,Allowed,Allowed,Allowed,Allowed,Allowed,Allowed,No,No,,2022-01-22
Los Angeles,Los Angeles,0644000,Los Angeles,Los Angeles County,City,Allowed,Allowed,Allowed,Allowed,Allowed,Allowed,No,No,,2022-01-22
Lynwood,Lynwood,0644574,Los Angeles,Los Angeles County,City,Prohibited,Allowed,Allowed,Allowed,Allowed,Allowed,No,No,,2022-01-22
Malibu,Malibu,0645246,Los Angeles,Los Angeles County,City,Allowed,Allowed,Prohibited,Prohibited,Prohibited,Prohibited,No,No,,2022-01-22
Manhattan Beach,Manhattan Beach,0645400,Los Angeles,Los Angeles County,City,Prohibited,Prohibited,Prohibited,Prohibited,Prohibited,Prohibited,Yes,Yes,,2022-01-22
Maywood,Maywood,0646492,Los Angeles,Los Angeles County,City,Allowed,Allowed,Allowed,Allowed,Allowed,Allowed,No,No,,2022-01-22
Monrovia,Monrovia,0648648,Los Angeles,Los Angeles County,City,Prohibited,Prohibited,Prohibited,Allowed,Prohibited,Prohibited,No,Yes,,2022-01-22
Montebello,Montebello,0648816,Los Angeles,Los Angeles County,City,Prohibited,Allowed,Allowed,Allowed,Allowed,Allowed,No,No,,2022-01-22
Monterey Park,Monterey Park,0648914,Los Angeles,Los Angeles County,City,Prohibited,Prohibited,Prohibited,Prohibited,Prohibited,Prohibited,Yes,Yes,,2022-01-22
Norwalk,Norwalk,0652526,Los Angeles,Los Angeles County,City,Prohibited,Prohibited,Prohibited,Prohibited,Prohibited,Prohibited,Yes,Yes,,2022-01-22
Palmdale,Palmdale,0655156,Los Angeles,Los Angeles County,City,Prohibited,Prohibited,Prohibited,Prohibited,Prohibited,Prohibited,Yes,Yes,,2022-01-22
Palos Verdes Estates,Palos Verdes Estates,0655380,Los Angeles,Los Angeles County,City,Prohibited,Prohibited,Prohibited,Prohibited,Prohibited,Prohibited,Yes,Yes,,2022-01-22
Paramount,Paramount,0655618,Los Angeles,Los Angeles County,City,Prohibited,Prohibited,Prohibited,Prohibited,Prohibited,Prohibited,Yes,Yes,,2022-01-22
Pasadena,Pasadena,0656000,Los Angeles,Los Angeles County,City,Allowed,Allowed,Allowed,Allowed,Allowed,Allowed,No,No,,2022-01-22
Pico Rivera,Pico Rivera,0656924,Los Angeles,Los Angeles County,City,Prohibited,Prohibited,Prohibited,Prohibited,Prohibited,Prohibited,Yes,Yes,,2022-01-22
Pomona,Pomona,0658072,Los Angeles,Los Angeles County,City,Allowed,Allowed,Allowed,Allowed,Allowed,Allowed,No,No,,2022-01-22
Rancho Palos Verdes,Rancho Palos Verdes,0659514,Los Angeles,Los Angeles County,City,Prohibited,Prohibited,Prohibited,Prohibited,Prohibited,Prohibited,Yes,Yes,,2022-01-22
Redondo Beach,Redondo Beach,0660018,Los Angeles,Los Angeles County,City,Prohibited,Prohibited,Prohibited,Prohibited,Prohibited,Prohibited,Yes,Yes,,2022-01-22
Rolling Hills,Rolling Hills,0662602,Los Angeles,Los Angeles County,City,Prohibited,Limited-Medical Only,Limited-Medical Only,Prohibited,Prohibited,Prohibited,No,No,,2022-01-22
Rolling Hills Estates,Rolling Hills Estates,0662644,Los Angeles,Los Angeles County,City,Prohibited,Prohibited,Prohibited,Prohibited,Prohibited,Prohibited,Yes,Yes,,2022-01-22
Rosemead,Rosemead,0662896,Los Angeles,Los Angeles County,City,Prohibited,Prohibited,Prohibited,Prohibited,Prohibited,Prohibited,Yes,Yes,,2022-01-22
San Dimas,San Dimas,0666070,Los Angeles,Los Angeles County,City,Prohibited,Prohibited,Prohibited,Prohibited,Prohibited,Prohibited,Yes,Yes,,2022-01-22
San Fernando,San Fernando,0666140,Los Angeles,Los Angeles County,City,Prohibited,Prohibited,Prohibited,Prohibited,Prohibited,Prohibited,Yes,Yes,,2022-01-22
San Gabriel,San Gabriel,0667042,Los Angeles,Los Angeles County,City,Prohibited,Prohibited,Prohibited,Prohibited,Prohibited,Prohibited,Yes,Yes,,2022-01-22
San Marino,San Marino,0668224,Los Angeles,Los Angeles County,City,Prohibited,Prohibited,Prohibited,Prohibited,Prohibited,Prohibited,Yes,Yes,,2022-01-22
Santa Clarita,Santa Clarita,0669088,Los Angeles,Los Angeles County,City,Prohibited,Prohibited,Prohibited,Prohibited,Prohibited,Prohibited,Yes,Yes,,2022-01-22
Santa Fe Springs,Santa Fe Springs,0669154,Los Angeles,Los Angeles County,City,Prohibited,Prohibited,Prohibited,Prohibited,Prohibited,Prohibited,Yes,Yes,,2022-01-22
Santa Monica,Santa Monica,0670000,Los Angeles,Los Angeles County,City,Limited-Medical Only,Prohibited,Prohibited,Prohibited,Limited-Medical Only,Prohibited,No,No,,2022-01-22
Sierra Madre,Sierra Madre,0671806,Los Angeles,Los Angeles County,City,Prohibited,Prohibited,Prohibited,Prohibited,Prohibited,Prohibited,Yes,Yes,,2022-01-22
Signal Hill,Signal Hill,0671876,Los Angeles,Los Angeles County,City,Prohibited,Prohibited,Prohibited,Prohibited,Prohibited,Prohibited,Yes,Yes,,2022-01-22
South El Monte,South El Monte,0672996,Los Angeles,Los Angeles County,City,Prohibited,Prohibited,Prohibited,Prohibited,Prohibited,Prohibited,Yes,Yes,,2022-01-22
South Gate,South Gate,0673080,Los Angeles,Los Angeles County,City,Prohibited,Prohibited,Prohibited,Prohibited,Prohibited,Prohibited,Yes,Yes,,2022-01-22
South Pasadena,South Pasadena,0673220,Los Angeles,Los Angeles County,City,Prohibited,Prohibited,Prohibited,Prohibited,Prohibited,Prohibited,Yes,Yes,,2022-01-22
Temple City,Temple City,0678148,Los Angeles,Los Angeles County,City,Prohibited,Prohibited,Prohibited,Prohibited,Prohibited,Prohibited,Yes,Yes,,2022-01-22
Torrance,Torrance,0680000,Los Angeles,Los Angeles County,City,Prohibited,Prohibited,Prohibited,Prohibited,Prohibited,Prohibited,Yes,Yes,,2022-01-22
Vernon,Vernon,0682422,Los Angeles,Los Angeles County,City,Prohibited,Prohibited,Prohibited,Prohibited,Prohibited,Prohibited,Yes,Yes,,2022-01-22
Walnut,Walnut,0683332,Los Angeles,Los Angeles County,City,Prohibited,Prohibited,Prohibited,Prohibited,Prohibited,Prohibited,Yes,Yes,,2022-01-22
West Covina,West Covina,0684200,Los Angeles,Los Angeles County,City,Prohibited,Prohibited,Prohibited,Prohibited,Prohibited,Prohibited,Yes,Yes,,2022-01-22
West Hollywood,West Hollywood,0684410,Los Angeles,Los Angeles County,City,Allowed,Allowed,Prohibited,Prohibited,Prohibited,Prohibited,No,No,,2022-01-22
Westlake Village,Westlake Village,0684438,Los Angeles,Los Angeles County,City,Prohibited,Prohibited,Prohibited,Prohibited,Prohibited,Prohibited,Yes,Yes,,2022-01-22
Whittier,Whittier,0685292,Los Angeles,Los Angeles County,City,Prohibited,Prohibited,Prohibited,Prohibited,Prohibited,Prohibited,Yes,Yes,,2022-01-22
Chowchilla,Chowchilla,0613294,Madera,Madera County,City,Prohibited,Prohibited,Prohibited,Prohibited,Prohibited,Prohibited,Yes,Yes,,2022-01-22
Madera,Madera,0645022,Madera,Madera County,City,Prohibited,Prohibited,Prohibited,Prohibited,Prohibited,Prohibited,Yes,Yes,,2022-01-22
Belvedere,Belvedere,0605164,Marin,Marin County,City,Prohibited,Prohibited,Prohibited,Prohibited,Prohibited,Prohibited,Yes,Yes,,2022-01-22
Corte Madera,Corte Madera,0616462,Marin,Marin County,City,Prohibited,Prohibited,Prohibited,Prohibited,Prohibited,Prohibited,Yes,Yes,,2022-01-22
Fairfax,Fairfax,0623168,Marin,Marin County,City,Limited-Medical Only,Allowed,Prohibited,Prohibited,Prohibited,Prohibited,No,No,,2022-01-22
Larkspur,Larkspur,0640438,Marin,Marin County,City,Prohibited,Prohibited,Prohibited,Prohibited,Prohibited,Prohibited,Yes,Yes,,2022-01-22
Mill Valley,Mill Valley,0647710,Marin,Marin County,City,Prohibited,Prohibited,Prohibited,Prohibited,Prohibited,Prohibited,Yes,Yes,,2022-01-22
Novato,Novato,0652582,Marin,Marin County,City,Prohibited,Allowed,Allowed,Allowed,Allowed,Allowed,No,No,,2022-01-22
Ross,Ross,0662980,Marin,Marin County,City,Prohibited,Prohibited,Prohibited,Prohibited,Prohibited,Prohibited,Yes,Yes,,2022-01-22
San Anselmo,San Anselmo,0664434,Marin,Marin County,City,Prohibited,Prohibited,Prohibited,Prohibited,Prohibited,Prohibited,Yes,Yes,,2022-01-22
San Rafael,San Rafael,0668364,Marin,Marin County,City,Prohibited,Allowed,Allowed,Allowed,Allowed,Prohibited,No,No,,2022-01-22
Sausalito,Sausalito,0670364,Marin,Marin County,City,Prohibited,Prohibited,Prohibited,Prohibited,Prohibited,Prohibited,Yes,Yes,,2022-01-22
Tiburon,Tiburon,0678666,Marin,Marin County,City,Prohibited,Prohibited,Prohibited,Prohibited,Prohibited,Prohibited,Yes,Yes,,2022-01-22
Fort Bragg,Fort Bragg,0625058,Mendocino,Mendocino County,City,Allowed,Allowed,Allowed,Allowed,Allowed,Allowed,No,No,,2022-01-22
Point Arena,Point Arena,0657876,Mendocino,Mendocino County,City,Allowed,Prohibited,Allowed,Allowed,Allowed,Allowed,No,No,,2022-01-22
Ukiah,Ukiah,0681134,Mendocino,Mendocino County,City,Allowed,Allowed,Allowed,Allowed,Allowed,Allowed,No,No,,2022-01-22
Willits,Willits,0685600,Mendocino,Mendocino County,City,Allowed,Allowed,Allowed,Allowed,Allowed,Allowed,No,No,,2022-01-22
Atwater,Atwater,0603162,Merced,Merced County,City,Allowed,Allowed,Allowed,Allowed,Allowed,Allowed,No,No,,2022-01-22
Dos Palos,Dos Palos,0619612,Merced,Merced County,City,Prohibited,Prohibited,Prohibited,Prohibited,Prohibited,Prohibited,Yes,Yes,,2022-01-22
Gustine,Gustine,0631568,Merced,Merced County,City,Allowed,Allowed,Allowed,Prohibited,Allowed,Allowed,No,No,,2022-01-22
Livingston,Livingston,0642006,Merced,Merced County,City,Prohibited,Prohibited,Prohibited,Allowed,Allowed,Allowed,No,Yes,,2022-01-22
Los Banos,Los Banos,0644028,Merced,Merced County,City,Prohibited,Prohibited,Prohibited,Prohibited,Prohibited,Prohibited,Yes,Yes,,2022-01-22
Merced,Merced,0646898,Merced,Merced County,City,Allowed,Allowed,Allowed,Allowed,Allowed,Allowed,No,No,,2022-01-22
Alturas,Alturas,0601444,Modoc,Modoc County,City,Prohibited,Prohibited,Prohibited,Prohibited,Prohibited,Prohibited,Yes,Yes,,2022-01-22
Mammoth Lakes,Mammoth Lakes,0645358,Mono,Mono County,City,Allowed,Prohibited,Allowed,Allowed,Allowed,Allowed,No,No,,2022-01-22
Carmel-by-the-Sea,Carmel-by-the-Sea,0611250,Monterey,Monterey County,City,Prohibited,Prohibited,Prohibited,Prohibited,Prohibited,Prohibited,Yes,Yes,,2022-01-22
Del Rey Oaks,Del Rey Oaks,0618688,Monterey,Monterey County,City,Allowed,Allowed,Allowed,Allowed,Allowed,Allowed,No,No,,2022-01-22
Gonzales,Gonzales,0630392,Monterey,Monterey County,City,Prohibited,Prohibited,Prohibited,Prohibited,Limited-Medical Only,Limited-Medical Only,No,Yes,,2022-01-22
Greenfield,Greenfield,0630994,Monterey,Monterey County,City,Allowed,Allowed,Allowed,Allowed,Allowed,Allowed,No,No,,2022-01-22
King City,King City,0638520,Monterey,Monterey County,City,Allowed,Allowed,Allowed,Allowed,Allowed,Allowed,No,No,,2022-01-22
Marina,Marina,0645778,Monterey,Monterey County,City,Allowed,Allowed,Allowed,Allowed,Allowed,Allowed,No,No,,2022-01-22
Monterey,Monterey,0648872,Monterey,Monterey County,City,Prohibited,Prohibited,Prohibited,Allowed,Prohibited,Prohibited,No,Yes,,2022-01-22
Pacific Grove,Pacific Grove,0654848,Monterey,Monterey County,City,Prohibited,Prohibited,Prohibited,Prohibited,Prohibited,Prohibited,Yes,Yes,,2022-01-22
Salinas,Salinas,0664224,Monterey,Monterey County,City,Allowed,Allowed,Allowed,Allowed,Allowed,Allowed,No,No,,2022-01-22
Sand City,Sand City,0665112,Monterey,Monterey County,City,Prohibited,Prohibited,Prohibited,Prohibited,Prohibited,Prohibited,Yes,Yes,,2022-01-22
Seaside,Seaside,0670742,Monterey,Monterey County,City,Allowed,Allowed,Allowed,Allowed,Allowed,Allowed,No,No,,2022-01-22
Soledad,Soledad,0672520,Monterey,Monterey County,City,Prohibited,Prohibited,Prohibited,Prohibited,Prohibited,Prohibited,Yes,Yes,,2022-01-22
American Canyon,American Canyon,0601640,Napa,Napa County,City,Prohibited,Allowed,Allowed,Allowed,Allowed,Allowed,No,No,,2022-01-22
Calistoga,Calistoga,0609892,Napa,Napa County,City,Prohibited,Prohibited,Prohibited,Prohibited,Prohibited,Prohibited,Yes,Yes,,2022-01-22
Napa,Napa,0650258,Napa,Napa County,City,Limited-Medical Only,Limited-Medical Only,Prohibited,Prohibited,Allowed,Prohibited,No,No,,2022-01-22
St. Helena,St. Helena,0664140,Napa,Napa County,City,Prohibited,Prohibited,Prohibited,Prohibited,Prohibited,Prohibited,Yes,Yes,,2022-01-22
Yountville,Yountville,0686930,Napa,Napa County,City,Prohibited,Allowed,Prohibited,Prohibited,Prohibited,Prohibited,No,No,,2022-01-22
Grass Valley,Grass Valley,0630798,Nevada,Nevada County,City,Allowed,Allowed,Allowed,Allowed,Allowed,Allowed,No,No,,2022-01-22
Nevada City,Nevada City,0650874,Nevada,Nevada County,City,Allowed,Allowed,Allowed,Allowed,Allowed,Allowed,No,No,,2022-01-22
Truckee,Truckee,0680588,Nevada,Nevada County,City,Prohibited,Allowed,Prohibited,Prohibited,Prohibited,Prohibited,No,No,,2022-01-22
Aliso Viejo,Aliso Viejo,0600947,Orange,Orange County,City,Prohibited,Prohibited,Prohibited,Prohibited,Prohibited,Prohibited,Yes,Yes,,2022-01-22
Anaheim,Anaheim,0602000,Orange,Orange County,City,Prohibited,Prohibited,Prohibited,Prohibited,Prohibited,Prohibited,Yes,Yes,,2022-01-22
Brea,Brea,0608100,Orange,Orange County,City,Prohibited,Prohibited,Prohibited,Prohibited,Prohibited,Prohibited,Yes,Yes,,2022-01-22
Buena Park,Buena Park,0608786,Orange,Orange County,City,Prohibited,Prohibited,Prohibited,Prohibited,Prohibited,Prohibited,Yes,Yes,,2022-01-22
Costa Mesa,Costa Mesa,0616532,Orange,Orange County,City,Allowed,Allowed,Allowed,Allowed,Allowed,Prohibited,No,No,,2022-01-22
Cypress,Cypress,0617750,Orange,Orange County,City,Prohibited,Prohibited,Prohibited,Prohibited,Prohibited,Prohibited,Yes,Yes,,2022-01-22
Dana Point,Dana Point,0617946,Orange,Orange County,City,Prohibited,Prohibited,Prohibited,Prohibited,Prohibited,Prohibited,Yes,Yes,,2022-01-22
Fountain Valley,Fountain Valley,0625380,Orange,Orange County,City,Prohibited,Prohibited,Prohibited,Prohibited,Prohibited,Prohibited,Yes,Yes,,2022-01-22
Fullerton,Fullerton,0628000,Orange,Orange County,City,Allowed,Allowed,Allowed,Allowed,Allowed,Allowed,No,No,,2022-01-22
Garden Grove,Garden Grove,0629000,Orange,Orange County,City,Prohibited,Prohibited,Prohibited,Prohibited,Prohibited,Prohibited,Yes,Yes,,2022-01-22
Huntington Beach,Huntington Beach,0636000,Orange,Orange County,City,Prohibited,Prohibited,Prohibited,Prohibited,Prohibited,Prohibited,Yes,Yes,,2022-01-22
Irvine,Irvine,0636770,Orange,Orange County,City,Prohibited,Prohibited,Prohibited,Allowed,Prohibited,Prohibited,No,Yes,,2022-01-22
La Habra,La Habra,0639290,Orange,Orange County,City,Prohibited,Allowed,Allowed,Allowed,Prohibited,Prohibited,No,No,,2022-01-22
La Palma,La Palma,0640256,Orange,Orange County,City,Prohibited,Prohibited,Prohibited,Prohibited,Prohibited,Prohibited,Yes,Yes,,2022-01-22
Laguna Beach,Laguna Beach,0639178,Orange,Orange County,City,Prohibited,Prohibited,Prohibited,Prohibited,Prohibited,Prohibited,Yes,Yes,,2022-01-22
Laguna Hills,Laguna Hills,0639220,Orange,Orange County,City,Prohibited,Prohibited,Prohibited,Prohibited,Prohibited,Prohibited,Yes,Yes,,2022-01-22
Laguna Niguel,Laguna Niguel,0639248,Orange,Orange County,City,Prohibited,Prohibited,Prohibited,Prohibited,Prohibited,Prohibited,Yes,Yes,,2022-01-22
Laguna Woods,Laguna Woods,0639259,Orange,Orange County,City,Prohibited,Prohibited,Prohibited,Prohibited,Prohibited,Prohibited,Yes,Yes,,2022-01-22
Lake Forest,Lake Forest,0639496,Orange,Orange County,City,Prohibited,Prohibited,Prohibited,Allowed,Prohibited,Prohibited,No,Yes,,2022-01-22
Los Alamitos,Los Alamitos,0643224,Orange,Orange County,City,Prohibited,Prohibited,Prohibited,Prohibited,Prohibited,Prohibited,Yes,Yes,,2022-01-22
Mission Viejo,Mission Viejo,0648256,Orange,Orange County,City,Prohibited,Prohibited,Prohibited,Prohibited,Prohibited,Prohibited,Yes,Yes,,2022-01-22
Newport Beach,Newport Beach,0651182,Orange,Orange County,City,Prohibited,Prohibited,Prohibited,Prohibited,Prohibited,Prohibited,Yes,Yes,,2022-01-22
Orange,Orange,0653980,Orange,Orange County,City,Prohibited,Prohibited,Prohibited,Prohibited,Prohibited,Prohibited,Yes,Yes,,2022-01-22
Placentia,Placentia,0657526,Orange,Orange County,City,Prohibited,Prohibited,Prohibited,Prohibited,Prohibited,Prohibited,Yes,Yes,,2022-01-22
Rancho Santa Margarita,Rancho Santa Margarita,0659587,Orange,Orange County,City,Prohibited,Prohibited,Prohibited,Prohibited,Prohibited,Prohibited,Yes,Yes,,2022-01-22
San Clemente,San Clemente,0665084,Orange,Orange County,City,Prohibited,Prohibited,Prohibited,Prohibited,Prohibited,Prohibited,Yes,Yes,,2022-01-22
San Juan Capistrano,San Juan Capistrano,0668028,Orange,Orange County,City,Prohibited,Prohibited,Prohibited,Prohibited,Prohibited,Prohibited,Yes,Yes,,2022-01-22
Santa Ana,Santa Ana,0669000,Orange,Orange County,City,Allowed,Allowed,Allowed,Allowed,Allowed,Allowed,No,No,,2022-01-22
Seal Beach,Seal Beach,0670686,Orange,Orange County,City,Prohibited,Prohibited,Prohibited,Prohibited,Prohibited,Prohibited,Yes,Yes,,2022-01-22
Stanton,Stanton,0673962,Orange,Orange County,City,Allowed,Allowed,Allowed,Allowed,Allowed,Allowed,No,No,,2022-01-22
Tustin,Tustin,0680854,Orange,Orange County,City,Prohibited,Prohibited,Prohibited,Prohibited,Prohibited,Prohibited,Yes,Yes,,2022-01-22
Villa Park,Villa Park,0682744,Orange,Orange County,City,Prohibited,Prohibited,Prohibited,Prohibited,Prohibited,Prohibited,Yes,Yes,,2022-01-22
Westminster,Westminster,0684550,Orange,Orange County,City,Prohibited,Prohibited,Prohibited,Prohibited,Prohibited,Prohibited,Yes,Yes,,2022-01-22
Yorba Linda,Yorba Linda,0686832,Orange,Orange County,City,Prohibited,Prohibited,Prohibited,Prohibited,Prohibited,Prohibited,Yes,Yes,,2022-01-22
Auburn,Auburn,0603204,Placer,Placer County,City,Prohibited,Prohibited,Prohibited,Prohibited,Prohibited,Prohibited,Yes,Yes,,2022-01-22
Colfax,Colfax,0614498,Placer,Placer County,City,Allowed,Allowed,Allowed,Allowed,Allowed,Allowed,No,No,,2022-01-22
Lincoln,Lincoln,0641474,Placer,Placer County,City,Prohibited,Prohibited,Prohibited,Prohibited,Prohibited,Prohibited,Yes,Yes,,2022-01-22
Loomis,Loomis,0643140,Placer,Placer County,City,Prohibited,Prohibited,Prohibited,Prohibited,Prohibited,Prohibited,Yes,Yes,,2022-01-22
Rocklin,Rocklin,0662364,Placer,Placer County,City,Prohibited,Prohibited,Prohibited,Prohibited,Prohibited,Prohibited,Yes,Yes,,2022-01-22
Roseville,Roseville,0662938,Placer,Placer County,City,Prohibited,Prohibited,Prohibited,Prohibited,Prohibited,Prohibited,Yes,Yes,,2022-01-22
Portola,Portola,0658352,Plumas,Plumas County,City,Prohibited,Prohibited,Prohibited,Prohibited,Prohibited,Prohibited,Yes,Yes,,2022-01-22
Banning,Banning,0603820,Riverside,Riverside County,City,Allowed,Prohibited,Allowed,Allowed,Allowed,Allowed,No,No,,2022-01-22
Beaumont,Beaumont,0604758,Riverside,Riverside County,City,Prohibited,Prohibited,Prohibited,Prohibited,Prohibited,Prohibited,Yes,Yes,,2022-01-22
Blythe,Blythe,0607218,Riverside,Riverside County,City,Allowed,Prohibited,Allowed,Allowed,Allowed,Allowed,No,No,,2022-01-22
Calimesa,Calimesa,0609864,Riverside,Riverside County,City,Prohibited,Prohibited,Prohibited,Prohibited,Prohibited,Prohibited,Yes,Yes,,2022-01-22
Canyon Lake,Canyon Lake,0610928,Riverside,Riverside County,City,Prohibited,Prohibited,Prohibited,Prohibited,Prohibited,Prohibited,Yes,Yes,,2022-01-22
Cathedral City,Cathedral City,0612048,Riverside,Riverside County,City,Allowed,Allowed,Allowed,Allowed,Allowed,Allowed,No,No,,2022-01-22
Coachella,Coachella,0614260,Riverside,Riverside County,City,Allowed,Allowed,Allowed,Allowed,Allowed,Allowed,No,No,,2022-01-22
Corona,Corona,0616350,Riverside,Riverside County,City,Allowed,Allowed,Allowed,Allowed,Allowed,Prohibited,No,No,,2022-01-22
Desert Hot Springs,Desert Hot Springs,0618996,Riverside,Riverside County,City,Allowed,Allowed,Allowed,Allowed,Allowed,Allowed,No,No,,2022-01-22
Eastvale,Eastvale,0621230,Riverside,Riverside County,City,Prohibited,Prohibited,Prohibited,Prohibited,Prohibited,Prohibited,Yes,Yes,,2022-01-22
Hemet,Hemet,0633182,Riverside,Riverside County,City,Allowed,Allowed,Allowed,Allowed,Allowed,Allowed,No,No,,2022-01-22
Indian Wells,Indian Wells,0636434,Riverside,Riverside County,City,Prohibited,Prohibited,Prohibited,Prohibited,Prohibited,Prohibited,Yes,Yes,,2022-01-22
Indio,Indio,0636448,Riverside,Riverside County,City,Prohibited,Prohibited,Prohibited,Prohibited,Prohibited,Prohibited,Yes,Yes,,2022-01-22
Jurupa Valley,Jurupa Valley,0637692,Riverside,Riverside County,City,Allowed,Prohibited,Allowed,Allowed,Allowed,Allowed,No,No,,2022-01-22
La Quinta,La Quinta,0640354,Riverside,Riverside County,City,Prohibited,Limited-Medical Only,Prohibited,Prohibited,Prohibited,Prohibited,No,No,,2022-01-22
Lake Elsinore,Lake Elsinore,0639486,Riverside,Riverside County,City,Allowed,Prohibited,Allowed,Allowed,Allowed,Allowed,No,No,,2022-01-22
Menifee,Menifee,0646842,Riverside,Riverside County,City,Prohibited,Prohibited,Prohibited,Prohibited,Prohibited,Prohibited,Yes,Yes,,2022-01-22
Moreno Valley,Moreno Valley,0649270,Riverside,Riverside County,City,Allowed,Allowed,Allowed,Allowed,Allowed,Allowed,No,No,,2022-01-22
Murrieta,Murrieta,0650076,Riverside,Riverside County,City,Prohibited,Prohibited,Prohibited,Allowed,Prohibited,Prohibited,No,Yes,,2022-01-22
Norco,Norco,0651560,Riverside,Riverside County,City,Prohibited,Prohibited,Prohibited,Prohibited,Prohibited,Prohibited,Yes,Yes,,2022-01-22
Palm Desert,Palm Desert,0655184,Riverside,Riverside County,City,Allowed,Allowed,Allowed,Allowed,Allowed,Allowed,No,No,,2022-01-22
Palm Springs,Palm Springs,0655254,Riverside,Riverside County,City,Allowed,Allowed,Allowed,Allowed,Allowed,Allowed,No,No,,2022-01-22
Perris,Perris,0656700,Riverside,Riverside County,City,Allowed,Allowed,Allowed,Allowed,Allowed,Allowed,No,No,,2022-01-22
Rancho Mirage,Rancho Mirage,0659500,Riverside,Riverside County,City,Prohibited,Prohibited,Prohibited,Prohibited,Prohibited,Prohibited,Yes,Yes,,2022-01-22
Riverside,Riverside,0662000,Riverside,Riverside County,City,Prohibited,Prohibited,Prohibited,Allowed,Prohibited,Prohibited,No,Yes,,2022-01-22
San Jacinto,San Jacinto,0667112,Riverside,Riverside County,City,Allowed,Prohibited,Allowed,Allowed,Allowed,Allowed,No,No,,2022-01-22
Temecula,Temecula,0678120,Riverside,Riverside County,City,Prohibited,Prohibited,Prohibited,Prohibited,Prohibited,Prohibited,Yes,Yes,,2022-01-22
Wildomar,Wildomar,0685446,Riverside,Riverside County,City,Allowed,Allowed,Allowed,Allowed,Allowed,Allowed,No,No,,2022-01-22
Citrus Heights,Citrus Heights,0613588,Sacramento,Sacramento County,City,Prohibited,Prohibited,Prohibited,Prohibited,Prohibited,Prohibited,Yes,Yes,,2022-01-22
Elk Grove,Elk Grove,0622020,Sacramento,Sacramento County,City,Prohibited,Prohibited,Prohibited,Prohibited,Prohibited,Prohibited,Yes,Yes,,2022-01-22
Folsom,Folsom,0624638,Sacramento,Sacramento County,City,Prohibited,Prohibited,Prohibited,Prohibited,Prohibited,Prohibited,Yes,Yes,,2022-01-22
Galt,Galt,0628112,Sacramento,Sacramento County,City,Prohibited,Prohibited,Prohibited,Prohibited,Prohibited,Prohibited,Yes,Yes,,2022-01-22
Isleton,Isleton,0636882,Sacramento,Sacramento County,City,Allowed,Allowed,Allowed,Allowed,Allowed,Allowed,No,No,,2022-01-22
Rancho Cordova,Rancho Cordova,0659444,Sacramento,Sacramento County,City,Prohibited,Prohibited,Prohibited,Prohibited,Prohibited,Prohibited,Yes,Yes,,2022-01-22
Sacramento,Sacramento,0664000,Sacramento,Sacramento County,City,Allowed,Allowed,Allowed,Allowed,Allowed,Allowed,No,No,,2022-01-22
Hollister,Hollister,0634120,San Benito,San Benito County,City,Limited-Medical Only,Allowed,Allowed,Allowed,Allowed,Allowed,No,No,,2022-01-22
San Juan Bautista,San Juan Bautista,0668014,San Benito,San Benito County,City,Allowed,Allowed,Allowed,Allowed,Allowed,Allowed,No,No,,2022-01-22
Adelanto,Adelanto,0600296,San Bernardino,San Bernardino County,City,Allowed,Allowed,Allowed,Allowed,Allowed,Allowed,No,No,,2022-01-22
Apple Valley,Apple Valley,0602364,San Bernardino,San Bernardino County,City,Prohibited,Prohibited,Prohibited,Prohibited,Prohibited,Prohibited,Yes,Yes,,2022-01-22
Barstow,Barstow,0604030,San Bernardino,San Bernardino County,City,Allowed,Allowed,Allowed,Allowed,Allowed,Allowed,No,No,,2022-01-22
Big Bear Lake,Big Bear Lake,0606434,San Bernardino,San Bernardino County,City,Prohibited,Prohibited,Prohibited,Prohibited,Prohibited,Prohibited,Yes,Yes,,2022-01-22
Chino,Chino,0613210,San Bernardino,San Bernardino County,City,Prohibited,Prohibited,Prohibited,Prohibited,Prohibited,Prohibited,Yes,Yes,,2022-01-22
Chino Hills,Chino Hills,0613214,San Bernardino,San Bernardino County,City,Prohibited,Prohibited,Prohibited,Prohibited,Prohibited,Prohibited,Yes,Yes,,2022-01-22
Colton,Colton,0614890,San Bernardino,San Bernardino County,City,Prohibited,Prohibited,Prohibited,Allowed,Allowed,Allowed,No,Yes,,2022-01-22
Fontana,Fontana,0624680,San Bernardino,San Bernardino County,City,Prohibited,Prohibited,Prohibited,Prohibited,Prohibited,Prohibited,Yes,Yes,,2022-01-22
Grand Terrace,Grand Terrace,0630658,San Bernardino,San Bernardino County,City,Prohibited,Prohibited,Prohibited,Prohibited,Prohibited,Prohibited,Yes,Yes,,2022-01-22
Hesperia,Hesperia,0633434,San Bernardino,San Bernardino County,City,Prohibited,Limited-Medical Only,Prohibited,Prohibited,Prohibited,Prohibited,No,No,,2022-01-22
Highland,Highland,0633588,San Bernardino,San Bernardino County,City,Prohibited,Prohibited,Prohibited,Prohibited,Prohibited,Prohibited,Yes,Yes,,2022-01-22
Loma Linda,Loma Linda,0642370,San Bernardino,San Bernardino County,City,Prohibited,Prohibited,Prohibited,Prohibited,Prohibited,Prohibited,Yes,Yes,,2022-01-22
Montclair,Montclair,0648788,San Bernardino,San Bernardino County,City,Prohibited,Prohibited,Prohibited,Prohibited,Prohibited,Prohibited,Yes,Yes,,2022-01-22
Needles,Needles,0650734,San Bernardino,San Bernardino County,City,Allowed,Allowed,Allowed,Allowed,Allowed,Allowed,No,No,,2022-01-22
Ontario,Ontario,0653896,San Bernardino,San Bernardino County,City,Prohibited,Prohibited,Prohibited,Prohibited,Prohibited,Prohibited,Yes,Yes,,2022-01-22
Rancho Cucamonga,Rancho Cucamonga,0659451,San Bernardino,San Bernardino County,City,Prohibited,Prohibited,Prohibited,Prohibited,Prohibited,Prohibited,Yes,Yes,,2022-01-22
Redlands,Redlands,0659962,San Bernardino,San Bernardino County,City,Prohibited,Prohibited,Prohibited,Prohibited,Prohibited,Prohibited,Yes,Yes,,2022-01-22
Rialto,Rialto,0660466,San Bernardino,San Bernardino County,City,Prohibited,Prohibited,Prohibited,Prohibited,Prohibited,Prohibited,Yes,Yes,,2022-01-22
San Bernardino,San Bernardino,0665000,San Bernardino,San Bernardino County,City,Allowed,Allowed,Allowed,Allowed,Allowed,Allowed,No,No,,2022-01-22
Twentynine Palms,Twentynine Palms,0680994,San Bernardino,San Bernardino County,City,Prohibited,Prohibited,Prohibited,Prohibited,Prohibited,Prohibited,Yes,Yes,,2022-01-22
Upland,Upland,0681344,San Bernardino,San Bernardino County,City,Prohibited,Prohibited,Prohibited,Prohibited,Prohibited,Prohibited,Yes,Yes,,2022-01-22
Victorville,Victorville,0682590,San Bernardino,San Bernardino County,City,Prohibited,Prohibited,Prohibited,Prohibited,Prohibited,Prohibited,Yes,Yes,,2022-01-22
Yucaipa,Yucaipa,0687042,San Bernardino,San Bernardino County,City,Prohibited,Prohibited,Prohibited,Prohibited,Prohibited,Prohibited,Yes,Yes,,2022-01-22
Yucca Valley,Yucca Valley,0687056,San Bernardino,San Bernardino County,City,Prohibited,Prohibited,Prohibited,Prohibited,Prohibited,Prohibited,Yes,Yes,,2022-01-22
Carlsbad,Carlsbad,0611194,San Diego,San Diego County,City,Prohibited,Prohibited,Prohibited,Prohibited,Prohibited,Prohibited,Yes,Yes,,2022-01-22
Chula Vista,Chula Vista,0613392,San Diego,San Diego County,City,Allowed,Allowed,Allowed,Allowed,Allowed,Allowed,No,No,,2022-01-22
Coronado,Coronado,0616378,San Diego,San Diego County,City,Prohibited,Prohibited,Prohibited,Prohibited,Prohibited,Prohibited,Yes,Yes,,2022-01-22
Del Mar,Del Mar,0618506,San Diego,San Diego County,City,Prohibited,Prohibited,Prohibited,Prohibited,Prohibited,Prohibited,Yes,Yes,,2022-01-22
El Cajon,El Cajon,0621712,San Diego,San Diego County,City,Prohibited,Prohibited,Prohibited,Prohibited,Prohibited,Prohibited,Yes,Yes,,2022-01-22
Encinitas,Encinitas,0622678,San Diego,San Diego County,City,Allowed,Allowed,Allowed,Prohibited,Allowed,Allowed,No,No,,2022-01-22
Escondido,Escondido,0622804,San Diego,San Diego County,City,Prohibited,Prohibited,Prohibited,Prohibited,Prohibited,Prohibited,Yes,Yes,,2022-01-22
Imperial Beach,Imperial Beach,0636294,San Diego,San Diego County,City,Allowed,Allowed,Prohibited,Prohibited,Prohibited,Prohibited,No,No,,2022-01-22
La Mesa,La Mesa,0640004,San Diego,San Diego County,City,Allowed,Prohibited,Allowed,Allowed,Allowed,Allowed,No,No,,2022-01-22
Lemon Grove,Lemon Grove,0641124,San Diego,San Diego County,City,Allowed,Allowed,Allowed,Prohibited,Allowed,Allowed,No,No,,2022-01-22
National City,National City,0650398,San Diego,San Diego County,City,Allowed,Allowed,Allowed,Allowed,Allowed,Allowed,No,No,,2022-01-22
Oceanside,Oceanside,0653322,San Diego,San Diego County,City,Prohibited,Allowed,Allowed,Allowed,Allowed,Allowed,No,No,,2022-01-22
Poway,Poway,0658520,San Diego,San Diego County,City,Prohibited,Prohibited,Prohibited,Prohibited,Prohibited,Prohibited,Yes,Yes,,2022-01-22
San Diego,San Diego,0666000,San Diego,San Diego County,City,Allowed,Allowed,Allowed,Allowed,Allowed,Allowed,No,No,,2022-01-22
San Marcos,San Marcos,0668196,San Diego,San Diego County,City,Prohibited,Prohibited,Prohibited,Prohibited,Prohibited,Prohibited,Yes,Yes,,2022-01-22
Santee,Santee,0670224,San Diego,San Diego County,City,Prohibited,Prohibited,Prohibited,Prohibited,Prohibited,Prohibited,Yes,Yes,,2022-01-22
Solana Beach,Solana Beach,0672506,San Diego,San Diego County,City,Prohibited,Prohibited,Prohibited,Prohibited,Prohibited,Prohibited,Yes,Yes,,2022-01-22
Vista,Vista,0682996,San Diego,San Diego County,City,Allowed,Allowed,Allowed,Allowed,Allowed,Prohibited,No,No,,2022-01-22
San Francisco,San Francisco,0667000,San Francisco,San Francisco County,City,Allowed,Allowed,Allowed,Allowed,Allowed,Allowed,No,No,,2022-01-22
Escalon,Escalon,0622790,San Joaquin,San Joaquin County,City,Prohibited,Prohibited,Prohibited,Prohibited,Prohibited,Prohibited,Yes,Yes,,2022-01-22
Lathrop,Lathrop,0640704,San Joaquin,San Joaquin County,City,Allowed,Prohibited,Prohibited,Prohibited,Prohibited,Prohibited,No,No,,2022-01-22
Lodi,Lodi,0642202,San Joaquin,San Joaquin County,City,Prohibited,Prohibited,Prohibited,Prohibited,Prohibited,Prohibited,Yes,Yes,,2022-01-22
Manteca,Manteca,0645484,San Joaquin,San Joaquin County,City,Prohibited,Prohibited,Prohibited,Prohibited,Prohibited,Prohibited,Yes,Yes,,2022-01-22
Ripon,Ripon,0661026,San Joaquin,San Joaquin County,City,Prohibited,Prohibited,Prohibited,Prohibited,Prohibited,Prohibited,Yes,Yes,,2022-01-22
Stockton,Stockton,0675000,San Joaquin,San Joaquin County,City,Allowed,Allowed,Allowed,Allowed,Allowed,Allowed,No,No,,2022-01-22
Tracy,Tracy,0680238,San Joaquin,San Joaquin County,City,Allowed,Allowed,Allowed,Allowed,Allowed,Allowed,No,No,,2022-01-22
Arroyo Grande,Arroyo Grande,0602868,San Luis Obispo,San Luis Obispo County,City,Prohibited,Prohibited,Prohibited,Prohibited,Prohibited,Prohibited,Yes,Yes,,2022-01-22
Atascadero,Atascadero,0603064,San Luis Obispo,San Luis Obispo County,City,Prohibited,Allowed,Prohibited,Allowed,Prohibited,Prohibited,No,No,,2022-01-22
Grover Beach,Grover Beach,0631393,San Luis Obispo,San Luis Obispo County,City,Allowed,Allowed,Allowed,Allowed,Allowed,Allowed,No,No,,2022-01-22
Morro Bay,Morro Bay,0649362,San Luis Obispo,San Luis Obispo County,City,Allowed,Allowed,Allowed,Prohibited,Prohibited,Prohibited,No,No,,2022-01-22
Paso Robles,El Paso de Robles (Paso Robles),0622300,San Luis Obispo,San Luis Obispo County,City,Prohibited,Prohibited,Prohibited,Prohibited,Prohibited,Prohibited,Yes,Yes,,2022-01-22
Pismo Beach,Pismo Beach,0657414,San Luis Obispo,San Luis Obispo County,City,Prohibited,Prohibited,Prohibited,Prohibited,Prohibited,Prohibited,Yes,Yes,,2022-01-22
San Luis Obispo,San Luis Obispo,0668154,San Luis Obispo,San Luis Obispo County,City,Allowed,Allowed,Allowed,Allowed,Allowed,Allowed,No,No,,2022-01-22
Atherton,Atherton,0603092,San Mateo,San Mateo County,City,Prohibited,Prohibited,Prohibited,Prohibited,Prohibited,Prohibited,Yes,Yes,,2022-01-22
Belmont,Belmont,0605108,San Mateo,San Mateo County,City,Prohibited,Prohibited,Prohibited,Prohibited,Prohibited,Prohibited,Yes,Yes,,2022-01-22
Brisbane,Brisbane,0608310,San Mateo,San Mateo County,City,Prohibited,Allowed,Allowed,Allowed,Allowed,Prohibited,No,No,,2022-01-22
Burlingame,Burlingame,0609066,San Mateo,San Mateo County,City,Prohibited,Allowed,Prohibited,Prohibited,Prohibited,Prohibited,No,No,,2022-01-22
Colma,Colma,0614736,San Mateo,San Mateo County,City,Prohibited,Prohibited,Prohibited,Prohibited,Prohibited,Prohibited,Yes,Yes,,2022-01-22
Daly City,Daly City,0617918,San Mateo,San Mateo County,City,Allowed,Allowed,Prohibited,Allowed,Prohibited,Prohibited,No,No,,2022-01-22
East Palo Alto,East Palo Alto,0620956,San Mateo,San Mateo County,City,Prohibited,Prohibited,Prohibited,Prohibited,Prohibited,Prohibited,Yes,Yes,,2022-01-22
Foster City,Foster City,0625338,San Mateo,San Mateo County,City,Prohibited,Prohibited,Prohibited,Allowed,Prohibited,Prohibited,No,Yes,,2022-01-22
Half Moon Bay,Half Moon Bay,0631708,San Mateo,San Mateo County,City,Prohibited,Prohibited,Prohibited,Prohibited,Prohibited,Allowed,No,Yes,,2022-01-22
Hillsborough,Hillsborough,0633798,San Mateo,San Mateo County,City,Prohibited,Prohibited,Prohibited,Prohibited,Prohibited,Prohibited,Yes,Yes,,2022-01-22
Menlo Park,Menlo Park,0646870,San Mateo,San Mateo County,City,Prohibited,Prohibited,Prohibited,Prohibited,Prohibited,Prohibited,Yes,Yes,,2022-01-22
Millbrae,Millbrae,0647486,San Mateo,San Mateo County,City,Prohibited,Prohibited,Prohibited,Prohibited,Prohibited,Prohibited,Yes,Yes,,2022-01-22
Pacifica,Pacifica,0654806,San Mateo,San Mateo County,City,Allowed,Allowed,Allowed,Allowed,Allowed,Prohibited,No,No,,2022-01-22
Portola Valley,Portola Valley,0658380,San Mateo,San Mateo County,City,Prohibited,Prohibited,Prohibited,Prohibited,Prohibited,Allowed,No,Yes,,2022-01-22
Redwood City,Redwood City,0660102,San Mateo,San Mateo County,City,Allowed,Allowed,Prohibited,Prohibited,Prohibited,Allowed,No,No,,2022-01-22
San Bruno,San Bruno,0665028,San Mateo,San Mateo County,City,Prohibited,Prohibited,Prohibited,Prohibited,Prohibited,Prohibited,Yes,Yes,,2022-01-22
San Carlos,San Carlos,0665070,San Mateo,San Mateo County,City,Prohibited,Prohibited,Allowed,Allowed,Allowed,Allowed,No,Yes,,2022-01-22
San Mateo,San Mateo,0668252,San Mateo,San Mateo County,City,Prohibited,Prohibited,Prohibited,Prohibited,Prohibited,Prohibited,Yes,Yes,,2022-01-22
South San Francisco,South San Francisco,0673262,San Mateo,San Mateo County,City,Prohibited,Allowed,Allowed,Allowed,Allowed,Allowed,No,No,,2022-01-22
Woodside,Woodside,0686440,San Mateo,San Mateo County,City,Prohibited,Prohibited,Prohibited,Prohibited,Prohibited,Prohibited,Yes,Yes,,2022-01-22
Buellton,Buellton,0608758,Santa Barbara,Santa Barbara County,City,Prohibited,Prohibited,Prohibited,Allowed,Prohibited,Prohibited,No,Yes,,2022-01-22
Carpinteria,Carpinteria,0611446,Santa Barbara,Santa Barbara County,City,Prohibited,Allowed,Allowed,Allowed,Allowed,Prohibited,No,No,,2022-01-22
Goleta,Goleta,0630378,Santa Barbara,Santa Barbara County,City,Allowed,Allowed,Allowed,Allowed,Allowed,Allowed,No,No,,2022-01-22
Guadalupe,Guadalupe,0631414,Santa Barbara,Santa Barbara County,City,Allowed,Allowed,Allowed,Allowed,Allowed,Allowed,No,No,,2022-01-22
Lompoc,Lompoc,0642524,Santa Barbara,Santa Barbara County,City,Allowed,Allowed,Allowed,Allowed,Allowed,Allowed,No,No,,2022-01-22
Santa Barbara,Santa Barbara,0669070,Santa Barbara,Santa Barbara County,City,Allowed,Allowed,Allowed,Allowed,Allowed,Allowed,No,No,,2022-01-22
Santa Maria,Santa Maria,0669196,Santa Barbara,Santa Barbara County,City,Prohibited,Prohibited,Prohibited,Prohibited,Prohibited,Prohibited,Yes,Yes,,2022-01-22
Solvang,Solvang,0672576,Santa Barbara,Santa Barbara County,City,Limited-Medical Only,Limited-Medical Only,Limited-Medical Only,Limited-Medical Only,Limited-Medical Only,Limited-Medical Only,No,No,,2022-01-22
Campbell,Campbell,0610345,Santa Clara,Santa Clara County,City,Prohibited,Prohibited,Prohibited,Prohibited,Prohibited,Prohibited,Yes,Yes,,2022-01-22
Cupertino,Cupertino,0617610,Santa Clara,Santa Clara County,City,Prohibited,Prohibited,Prohibited,Prohibited,Prohibited,Prohibited,Yes,Yes,,2022-01-22
Gilroy,Gilroy,0629504,Santa Clara,Santa Clara County,City,Prohibited,Prohibited,Prohibited,Prohibited,Prohibited,Prohibited,Yes,Yes,,2022-01-22
Los Altos,Los Altos,0643280,Santa Clara,Santa Clara County,City,Prohibited,Prohibited,Prohibited,Prohibited,Prohibited,Prohibited,Yes,Yes,,2022-01-22
Los Altos Hills,Los Altos Hills,0643294,Santa Clara,Santa Clara County,City,Prohibited,Prohibited,Prohibited,Prohibited,Prohibited,Prohibited,Yes,Yes,,2022-01-22
Los Gatos,Los Gatos,0644112,Santa Clara,Santa Clara County,City,Prohibited,Prohibited,Prohibited,Prohibited,Prohibited,Prohibited,Yes,Yes,,2022-01-22
Milpitas,Milpitas,0647766,Santa Clara,Santa Clara County,City,Prohibited,Prohibited,Prohibited,Prohibited,Prohibited,Prohibited,Yes,Yes,,2022-01-22
Monte Sereno,Monte Sereno,0648956,Santa Clara,Santa Clara County,City,Prohibited,Prohibited,Prohibited,Prohibited,Prohibited,Prohibited,Yes,Yes,,2022-01-22
Morgan Hill,Morgan Hill,0649278,Santa Clara,Santa Clara County,City,Prohibited,Prohibited,Prohibited,Prohibited,Prohibited,Prohibited,Yes,Yes,,2022-01-22
Mountain View,Mountain View,0649670,Santa Clara,Santa Clara County,City,Allowed,Allowed,Prohibited,Prohibited,Prohibited,Prohibited,No,No,,2022-01-22
Palo Alto,Palo Alto,0655282,Santa Clara,Santa Clara County,City,Prohibited,Prohibited,Prohibited,Prohibited,Prohibited,Prohibited,Yes,Yes,,2022-01-22
San Jose,San Jose,0668000,Santa Clara,Santa Clara County,City,Allowed,Allowed,Allowed,Allowed,Allowed,Allowed,No,No,,2022-01-22
Santa Clara,Santa Clara,0669084,Santa Clara,Santa Clara County,City,Prohibited,Prohibited,Prohibited,Prohibited,Prohibited,Prohibited,Yes,Yes,,2022-01-22
Saratoga,Saratoga,0670280,Santa Clara,Santa Clara County,City,Prohibited,Prohibited,Prohibited,Prohibited,Prohibited,Prohibited,Yes,Yes,,2022-01-22
Sunnyvale,Sunnyvale,0677000,Santa Clara,Santa Clara County,City,Prohibited,Prohibited,Prohibited,Prohibited,Prohibited,Prohibited,Yes,Yes,,2022-01-22
Capitola,Capitola,0611040,Santa Cruz,Santa Cruz County,City,Allowed,Prohibited,Prohibited,Allowed,Prohibited,Prohibited,No,No,,2022-01-22
Santa Cruz,Santa Cruz,0669112,Santa Cruz,Santa Cruz County,City,Allowed,Allowed,Allowed,Allowed,Allowed,Allowed,No,No,,2022-01-22
Scotts Valley,Scotts Valley,0670588,Santa Cruz,Santa Cruz County,City,Prohibited,Prohibited,Prohibited,Prohibited,Prohibited,Prohibited,Yes,Yes,,2022-01-22
Watsonville,Watsonville,0683668,Santa Cruz,Santa Cruz County,City,Allowed,Allowed,Allowed,Allowed,Allowed,Allowed,No,No,,2022-01-22
Anderson,Anderson,0602042,Shasta,Shasta County,City,Prohibited,Prohibited,Prohibited,Prohibited,Prohibited,Prohibited,Yes,Yes,,2022-01-22
Redding,Redding,0659920,Shasta,Shasta County,City,Allowed,Allowed,Allowed,Allowed,Allowed,Allowed,No,No,,2022-01-22
Shasta Lake,Shasta Lake,0671225,Shasta,Shasta County,City,Allowed,Allowed,Allowed,Allowed,Allowed,Allowed,No,No,,2022-01-22
Loyalton,Loyalton,0644364,Sierra,Sierra County,City,Prohibited,Prohibited,Prohibited,Prohibited,Prohibited,Prohibited,Yes,Yes,,2022-01-22
Dorris,Dorris,0619584,Siskiyou,Siskiyou County,City,Prohibited,Prohibited,Prohibited,Prohibited,Prohibited,Prohibited,Yes,Yes,,2022-01-22
Dunsmuir,Dunsmuir,0620242,Siskiyou,Siskiyou County,City,Allowed,Allowed,Allowed,Allowed,Allowed,Allowed,No,No,,2022-01-22
Etna,Etna,0622972,Siskiyou,Siskiyou County,City,Prohibited,Prohibited,Prohibited,Prohibited,Prohibited,Prohibited,Yes,Yes,,2022-01-22
Fort Jones,Fort Jones,0625128,Siskiyou,Siskiyou County,City,Prohibited,Prohibited,Prohibited,Prohibited,Prohibited,Prohibited,Yes,Yes,,2022-01-22
Montague,Montague,0648690,Siskiyou,Siskiyou County,City,Prohibited,Prohibited,Prohibited,Prohibited,Prohibited,Prohibited,Yes,Yes,,2022-01-22
Mount Shasta,Mount Shasta,0649852,Siskiyou,Siskiyou County,City,Allowed,Limited-Medical Only,Allowed,Allowed,Allowed,Allowed,No,No,,2022-01-22
Tulelake,Tulelake,0680686,Siskiyou,Siskiyou County,City,Prohibited,Prohibited,Prohibited,Prohibited,Prohibited,Prohibited,Yes,Yes,,2022-01-22
Weed,Weed,0683850,Siskiyou,Siskiyou County,City,Allowed,Allowed,Prohibited,Prohibited,Prohibited,Allowed,No,No,,2022-01-22
Yreka,Yreka,0686944,Siskiyou,Siskiyou County,City,Prohibited,Prohibited,Prohibited,Prohibited,Prohibited,Prohibited,Yes,Yes,,2022-01-22
Benicia,Benicia,0605290,Solano,Solano County,City,Allowed,Allowed,Allowed,Allowed,Allowed,Allowed,No,No,,2022-01-22
Dixon,Dixon,0619402,Solano,Solano County,City,Allowed,Allowed,Prohibited,Allowed,Allowed,Allowed,No,No,,2022-01-22
Fairfield,Fairfield,0623182,Solano,Solano County,City,Allowed,Allowed,Prohibited,Allowed,Allowed,Prohibited,No,No,,2022-01-22
Rio Vista,Rio Vista,0660984,Solano,Solano County,City,Allowed,Allowed,Allowed,Allowed,Allowed,Allowed,No,No,,2022-01-22
Suisun City,Suisun City,0675630,Solano,Solano County,City,Allowed,Allowed,Allowed,Allowed,Allowed,Allowed,No,No,,2022-01-22
Vacaville,Vacaville,0681554,Solano,Solano County,City,Allowed,Allowed,Allowed,Allowed,Allowed,Prohibited,No,No,,2022-01-22
Vallejo,Vallejo,0681666,Solano,Solano County,City,Allowed,Allowed,Allowed,Allowed,Allowed,Allowed,No,No,,2022-01-22
Cloverdale,Cloverdale,0614190,Sonoma,Sonoma County,City,Allowed,Allowed,Allowed,Allowed,Allowed,Allowed,No,No,,2022-01-22
Cotati,Cotati,0616560,Sonoma,Sonoma County,City,Allowed,Allowed,Allowed,Allowed,Allowed,Allowed,No,No,,2022-01-22
Healdsburg,Healdsburg,0633056,Sonoma,Sonoma County,City,Prohibited,Prohibited,Prohibited,Prohibited,Prohibited,Prohibited,Yes,Yes,,2022-01-22
Petaluma,Petaluma,0656784,Sonoma,Sonoma County,City,Prohibited,Allowed,Allowed,Allowed,Allowed,Prohibited,No,No,,2022-01-22
Rohnert Park,Rohnert Park,0662546,Sonoma,Sonoma County,City,Prohibited,Prohibited,Prohibited,Prohibited,Prohibited,Prohibited,Yes,Yes,,2022-01-22
Santa Rosa,Santa Rosa,0670098,Sonoma,Sonoma County,City,Allowed,Allowed,Allowed,Allowed,Allowed,Allowed,No,No,,2022-01-22
Sebastopol,Sebastopol,0670770,Sonoma,Sonoma County,City,Allowed,Allowed,Allowed,Allowed,Allowed,Allowed,No,No,,2022-01-22
Sonoma,Sonoma,0672646,Sonoma,Sonoma County,City,Allowed,Allowed,Allowed,Allowed,Allowed,Prohibited,No,No,,2022-01-22
Windsor,Windsor,0685922,Sonoma,Sonoma County,City,Prohibited,Prohibited,Prohibited,Prohibited,Prohibited,Prohibited,Yes,Yes,,2022-01-22
Ceres,Ceres,0612524,Stanislaus,Stanislaus County,City,Allowed,Allowed,Allowed,Allowed,Allowed,Allowed,No,No,,2022-01-22
Hughson,Hughson,0634904,Stanislaus,Stanislaus County,City,Prohibited,Prohibited,Prohibited,Prohibited,Prohibited,Prohibited,Yes,Yes,,2022-01-22
Modesto,Modesto,0648354,Stanislaus,Stanislaus County,City,Allowed,Allowed,Allowed,Allowed,Allowed,Allowed,No,No,,2022-01-22
Newman,Newman,0651140,Stanislaus,Stanislaus County,City,Prohibited,Prohibited,Prohibited,Prohibited,Prohibited,Prohibited,Yes,Yes,,2022-01-22
Oakdale,Oakdale,0652694,Stanislaus,Stanislaus County,City,Allowed,Prohibited,Allowed,Allowed,Allowed,Allowed,No,No,,2022-01-22
Patterson,Patterson,0656112,Stanislaus,Stanislaus County,City,Allowed,Prohibited,Allowed,Allowed,Allowed,Allowed,No,No,,2022-01-22
Riverbank,Riverbank,0661068,Stanislaus,Stanislaus County,City,Allowed,Allowed,Prohibited,Allowed,Prohibited,Allowed,No,No,,2022-01-22
Turlock,Turlock,0680812,Stanislaus,Stanislaus County,City,Allowed,Allowed,Allowed,Allowed,Allowed,Allowed,No,No,,2022-01-22
Waterford,Waterford,0683612,Stanislaus,Stanislaus County,City,Allowed,Allowed,Allowed,Allowed,Allowed,Allowed,No,No,,2022-01-22
Live Oak,Live Oak,0641936,Sutter,Sutter County,City,Prohibited,Prohibited,Prohibited,Prohibited,Prohibited,Prohibited,Yes,Yes,,2022-01-22
Yuba City,Yuba City,0686972,Sutter,Sutter County,City,Prohibited,Prohibited,Prohibited,Prohibited,Prohibited,Prohibited,Yes,Yes,,2022-01-22
Corning,Corning,0616322,Tehama,Tehama County,City,Prohibited,Prohibited,Prohibited,Prohibited,Prohibited,Prohibited,Yes,Yes,,2022-01-22
Red Bluff,Red Bluff,0659892,Tehama,Tehama County,City,Prohibited,Prohibited,Prohibited,Prohibited,Prohibited,Prohibited,Yes,Yes,,2022-01-22
Tehama,Tehama,0678106,Tehama,Tehama County,City,Prohibited,Prohibited,Prohibited,Prohibited,Prohibited,Prohibited,Yes,Yes,,2022-01-22
Dinuba,Dinuba,0619318,Tulare,Tulare County,City,Prohibited,Prohibited,Prohibited,Prohibited,Prohibited,Prohibited,Yes,Yes,,2022-01-22
Exeter,Exeter,0623126,Tulare,Tulare County,City,Prohibited,Prohibited,Prohibited,Prohibited,Prohibited,Prohibited,Yes,Yes,,2022-01-22
Farmersville,Farmersville,0623616,Tulare,Tulare County,City,Allowed,Prohibited,Allowed,Allowed,Allowed,Allowed,No,No,,2022-01-22
Lindsay,Lindsay,0641712,Tulare,Tulare County,City,Allowed,Allowed,Allowed,Allowed,Allowed,Allowed,No,No,,2022-01-22
Porterville,Porterville,0658240,Tulare,Tulare County,City,Allowed,Allowed,Prohibited,Prohibited,Prohibited,Prohibited,No,No,,2022-01-22
Tulare,Tulare,0680644,Tulare,Tulare County,City,Allowed,Prohibited,Prohibited,Prohibited,Prohibited,Prohibited,No,No,,2022-01-22
Visalia,Visalia,0682954,Tulare,Tulare County,City,Prohibited,Prohibited,Prohibited,Prohibited,Prohibited,Prohibited,Yes,Yes,,2022-01-22
Woodlake,Woodlake,0686300,Tulare,Tulare County,City,Allowed,Allowed,Allowed,Allowed,Allowed,Allowed,No,No,,2022-01-22
Sonora,Sonora,0672674,Tuolumne,Tuolumne County,City,Allowed,Allowed,Prohibited,Allowed,Allowed,Prohibited,No,No,,2022-01-22
Camarillo,Camarillo,0610046,Ventura,Ventura County,City,Prohibited,Prohibited,Prohibited,Prohibited,Prohibited,Prohibited,Yes,Yes,,2022-01-22
Fillmore,Fillmore,0624092,Ventura,Ventura County,City,Prohibited,Prohibited,Prohibited,Prohibited,Prohibited,Prohibited,Yes,Yes,,2022-01-22
Moorpark,Moorpark,0649138,Ventura,Ventura County,City,Prohibited,Prohibited,Prohibited,Prohibited,Prohibited,Prohibited,Yes,Yes,,2022-01-22
Ojai,Ojai,0653476,Ventura,Ventura County,City,Allowed,Allowed,Prohibited,Allowed,Allowed,Prohibited,No,No,,2022-01-22
Oxnard,Oxnard,0654652,Ventura,Ventura County,City,Allowed,Allowed,Allowed,Allowed,Allowed,Prohibited,No,No,,2022-01-22
Port Hueneme,Port Hueneme,0658296,Ventura,Ventura County,City,Allowed,Allowed,Allowed,Allowed,Allowed,Allowed,No,No,,2022-01-22
Santa Paula,Santa Paula,0670042,Ventura,Ventura County,City,Prohibited,Prohibited,Prohibited,Allowed,Prohibited,Prohibited,No,Yes,,2022-01-22
Simi Valley,Simi Valley,0672016,Ventura,Ventura County,City,Prohibited,Prohibited,Prohibited,Prohibited,Prohibited,Prohibited,Yes,Yes,,2022-01-22
Thousand Oaks,Thousand Oaks,0678582,Ventura,Ventura County,City,Limited-Medical Only,Prohibited,Prohibited,Allowed,Prohibited,Prohibited,No,No,,2022-01-22
Ventura,San Buenaventura (Ventura),0665042,Ventura,Ventura County,City,Allowed,Allowed,Allowed,Allowed,Allowed,Prohibited,No,No,,2022-01-22
Davis,Davis,0618100,Yolo,Yolo County,City,Allowed,Allowed,Allowed,Allowed,Allowed,Prohibited,No,No,,2022-01-22
West Sacramento,West Sacramento,0684816,Yolo,Yolo County,City,Prohibited,Prohibited,Allowed,Allowed,Allowed,Allowed,No,Yes,,2022-01-22
Winters,Winters,0686034,Yolo,Yolo County,City,Prohibited,Prohibited,Prohibited,Prohibited,Prohibited,Prohibited,Yes,Yes,,2022-01-22
Woodland,Woodland,0686328,Yolo,Yolo County,City,Prohibited,Prohibited,Allowed,Allowed,Allowed,Prohibited,No,Yes,,2022-01-22
Marysville,Marysville,0646170,Yuba,Yuba County,City,Allowed,Allowed,Allowed,Allowed,Allowed,Allowed,No,No,,2022-01-22
Wheatland,Wheatland,0685012,Yuba,Yuba County,City,Prohibited,Prohibited,Prohibited,Prohibited,Prohibited,Prohibited,Yes,Yes,,2022-01-22