Place,GEOID,County,County label,Jurisdiction Type,Retail: Storefront,Retail: Non-Storefront,Distribution,Manufacturing,Cultivation,Testing,Are all CCA activites prohibited?,Is all retail prohibited?,CCA Prohibited by County,Updated
Alameda County,,Alameda,Alameda County,County,Allowed,Allowed,Allowed,Allowed,Allowed,Allowed,No,No,No,2022-01-22
Alpine County,,Alpine,Alpine County,County,Prohibited,Prohibited,Prohibited,Prohibited,Prohibited,Prohibited,Yes,Yes,Yes,2022-01-22
Amador County,,Amador,Amador County,County,Prohibited,Prohibited,Prohibited,Prohibited,Prohibited,Prohibited,Yes,Yes,Yes,2022-01-22
Butte County,,Butte,Butte County,County,Prohibited,Prohibited,Prohibited,Prohibited,Prohibited,Prohibited,Yes,Yes,Yes,2022-01-22
Calaveras County,,Calaveras,Calaveras County,County,Allowed,Prohibited,Allowed,Prohibited,Allowed,Prohibited,No,No,No,2022-01-22
Colusa County,,Colusa,Colusa County,County,Prohibited,Prohibited,Allowed,Allowed,Allowed,Allowed,No,Yes,No,2022-01-22
Contra Costa County,,Contra Costa,Contra Costa County,County,Allowed,Allowed,Allowed,Allowed,Allowed,Allowed,No,No,No,2022-01-22
Del Norte County,,Del Norte,Del Norte County,County,Allowed,Prohibited,Prohibited,Allowed,Allowed,Prohibited,No,No,No,2022-01-22
El Dorado County,,El Dorado,El Dorado County,County,Allowed,Allowed,Allowed,Allowed,Allowed,Allowed,No,No,No,2022-01-22
Fresno County,,Fresno,Fresno County,County,Prohibited,Prohibited,Prohibited,Prohibited,Prohibited,Prohibited,Yes,Yes,Yes,2022-01-22
Glenn County,,Glenn,Glenn County,County,Prohibited,Prohibited,Prohibited,Prohibited,Prohibited,Prohibited,Yes,Yes,Yes,2022-01-22
Humboldt County,,Humboldt,Humboldt County,County,Allowed,Allowed,Allowed,Allowed,Allowed,Allowed,No,No,No,2022-01-22
Imperial County,,Imperial,Imperial County,County,Allowed,Allowed,Allowed,Allowed,Allowed,Allowed,No,No,No,2022-01-22
Inyo County,,Inyo,Inyo County,County,Allowed,Allowed,Allowed,Allowed,Allowed,Allowed,No,No,No,2022-01-22
Kern County,,Kern,Kern County,County,Prohibited,Prohibited,Prohibited,Prohibited,Prohibited,Prohibited,Yes,Yes,Yes,2022-01-22
Kings County,,Kings,Kings County,County,Prohibited,Prohibited,Prohibited,Prohibited,Prohibited,Prohibited,Yes,Yes,Yes,2022-01-22
Lake County,,Lake,Lake County,County,Prohibited,Prohibited,Allowed,Allowed,Allowed,Allowed,No,Yes,No,2021-12-13
Lassen County,,Lassen,Lassen County,County,Allowed,Prohibited,Prohibited,Prohibited,Prohibited,Allowed,No,No,No,2022-01-22
Los Angeles County,,Los Angeles,Los Angeles County,County,Prohibited,Prohibited,Prohibited,Prohibited,Prohibited,Prohibited,Yes,Yes,Yes,2022-01-22
Madera County,,Madera,Madera County,County,Prohibited,Prohibited,Prohibited,Prohibited,Prohibited,Prohibited,Yes,Yes,Yes,2022-01-22
Marin County,,Marin,Marin County,County,Prohibited,Limited-Medical Only,Prohibited,Prohibited,Prohibited,Prohibited,No,No,No,2022-01-22
Mariposa County,,Mariposa,Mariposa County,County,Prohibited,Prohibited,Prohibited,Prohibited,Prohibited,Prohibited,Yes,Yes,Yes,2022-01-22
Mendocino County,,Mendocino,Mendocino County,County,Allowed,Allowed,Allowed,Allowed,Allowed,Allowed,No,No,No,2022-01-22
Merced County,,Merced,Merced County,County,Prohibited,Prohibited,Prohibited,Prohibited,Prohibited,Prohibited,Yes,Yes,Yes,2022-01-22
Modoc County,,Modoc,Modoc County,County,Prohibited,Prohibited,Prohibited,Prohibited,Prohibited,Prohibited,Yes,Yes,Yes,2022-01-22
Mono County,,Mono,Mono County,County,Allowed,Prohibited,Allowed,Allowed,Allowed,Allowed,No,No,No,2022-01-22
Monterey County,,Monterey,Monterey County,County,Allowed,Allowed,Allowed,Allowed,Allowed,Allowed,No,No,No,2022-01-22
Napa County,,Napa,Napa County,County,Prohibited,Prohibited,Prohibited,Prohibited,Prohibited,Prohibited,Yes,Yes,Yes,2022-01-22
Nevada County,,Nevada,Nevada County,County,Prohibited,Prohibited,Allowed,Prohibited,Limited-Medical Only,Prohibited,No,Yes,No,2022-01-22
Orange County,,Orange,Orange County,County,Prohibited,Prohibited,Prohibited,Prohibited,Prohibited,Prohibited,Yes,Yes,Yes,2022-01-22
Placer County,,Placer,Placer County,County,Prohibited,Prohibited,Prohibited,Prohibited,Prohibited,Prohibited,Yes,Yes,Yes,2022-01-22
Plumas County,,Plumas,Plumas County,County,Prohibited,Prohibited,Prohibited,Prohibited,Prohibited,Prohibited,Yes,Yes,Yes,2022-01-22
Riverside County,,Riverside,Riverside County,County,Allowed,Allowed,Allowed,Allowed,Allowed,Allowed,No,No,No,2022-01-22
Sacramento County,,Sacramento,Sacramento County,County,Prohibited,Prohibited,Prohibited,Prohibited,Prohibited,Prohibited,Yes,Yes,Yes,2022-01-22
San Benito County,,San Benito,San Benito County,County,Prohibited,Prohibited,Allowed,Allowed,Allowed,Allowed,No,Yes,No,2022-01-22
San Bernardino County,,San Bernardino,San Bernardino County,County,Prohibited,Prohibited,Prohibited,Prohibited,Prohibited,Prohibited,Yes,Yes,Yes,2022-01-22
San Diego County,,San Diego,San Diego County,County,Allowed,Prohibited,Allowed,Allowed,Allowed,Prohibited,No,No,No,2022-01-22
San Francisco County,,San Francisco,San Francisco County,County,Allowed,Allowed,Allowed,Allowed,Allowed,Allowed,No,No,No,2022-03-17
San Joaquin County,,San Joaquin,San Joaquin County,County,Prohibited,Allowed,Allowed,Allowed,Allowed,Allowed,No,No,No,2022-01-22
San Luis Obispo County,,San Luis Obispo,San Luis Obispo County,County,Prohibited,Allowed,Allowed,Allowed,Allowed,Allowed,No,No,No,2022-01-22
San Mateo County,,San Mateo,San Mateo County,County,Prohibited,Prohibited,Prohibited,Prohibited,Allowed,Prohibited,No,Yes,No,2022-01-22
Santa Barbara County,,Santa Barbara,Santa Barbara County,County,Allowed,Allowed,Allowed,Allowed,Allowed,Allowed,No,No,No,2022-01-22
Santa Clara County,,Santa Clara,Santa Clara County,County,Prohibited,Prohibited,Prohibited,Prohibited,Prohibited,Prohibited,Yes,Yes,Yes,2022-01-22
Santa Cruz County,,Santa Cruz,Santa Cruz County,County,Allowed,Allowed,Allowed,Allowed,Allowed,Prohibited,No,No,No,2022-01-22
Shasta County,,Shasta,Shasta County,County,Prohibited,Prohibited,Prohibited,Prohibited,Prohibited,Prohibited,Yes,Yes,Yes,2022-01-22
Sierra County,,Sierra,Sierra County,County,Prohibited,Prohibited,Prohibited,Prohibited,Prohibited,Prohibited,Yes,Yes,Yes,2022-01-22
Siskiyou County,,Siskiyou,Siskiyou County,County,Prohibited,Prohibited,Prohibited,Prohibited,Prohibited,Prohibited,Yes,Yes,Yes,2022-01-22
Solano County,,Solano,Solano County,County,Prohibited,Prohibited,Prohibited,Prohibited,Prohibited,Prohibited,Yes,Yes,Yes,2022-01-22
Sonoma County,,Sonoma,Sonoma County,County,Allowed,Allowed,Allowed,Allowed,Allowed,Allowed,No,No,No,2022-01-22
Stanislaus County,,Stanislaus,Stanislaus County,County,Allowed,Allowed,Allowed,Allowed,Allowed,Allowed,No,No,No,2022-01-22
Sutter County,,Sutter,Sutter County,County,Prohibited,Prohibited,Prohibited,Prohibited,Prohibited,Prohibited,Yes,Yes,Yes,2022-01-22
Tehama County,,Tehama,Tehama County,County,Prohibited,Prohibited,Prohibited,Prohibited,Prohibited,Prohibited,Yes,Yes,Yes,2022-01-22
Trinity County,,Trinity,Trinity County,County,Prohibited,Allowed,Allowed,Allowed,Allowed,Allowed,No,No,No,2022-01-22
Tulare County,,Tulare,Tulare County,County,Limited-Medical Only,Prohibited,Prohibited,Prohibited,Limited-Medical Only,Prohibited,No,No,No,2022-01-22
Tuolumne County,,Tuolumne,Tuolumne County,County,Prohibited,Prohibited,Prohibited,Prohibited,Prohibited,Prohibited,Yes,Yes,Yes,2022-01-22
Ventura County,,Ventura,Ventura County,County,Prohibited,Prohibited,Allowed,Prohibited,Allowed,Prohibited,No,Yes,No,2022-01-22
Yolo County,,Yolo,Yolo County,County,Allowed,Allowed,Allowed,Allowed,Allowed,Allowed,No,No,No,2022-01-22
Yuba County,,Yuba,Yuba County,County,Prohibited,Prohibited,Prohibited,Prohibited,Prohibited,Prohibited,Yes,Yes,Yes,2022-01-22
Alameda,0600562,Alameda,Alameda County,City,Allowed,Allowed,Allowed,Allowed,Allowed,Allowed,No,No,,2022-01-22
Albany,0600674,Alameda,Alameda County,City,Prohibited,Prohibited,Prohibited,Prohibited,Prohibited,Prohibited,Yes,Yes,,2022-01-22
Berkeley,0606000,Alameda,Alameda County,City,Allowed,Allowed,Allowed,Allowed,Allowed,Allowed,No,No,,2022-01-22
Dublin,0620018,Alameda,Alameda County,City,Prohibited,Prohibited,Prohibited,Prohibited,Prohibited,Prohibited,Yes,Yes,,2022-01-22
Emeryville,0622594,Alameda,Alameda County,City,Allowed,Allowed,Allowed,Allowed,Prohibited,Allowed,No,No,,2022-01-22
Fremont,0626000,Alameda,Alameda County,City,Prohibited,Prohibited,Prohibited,Prohibited,Prohibited,Prohibited,Yes,Yes,,2022-01-22
Hayward,0633000,Alameda,Alameda County,City,Allowed,Allowed,Allowed,Allowed,Allowed,Allowed,No,No,,2022-01-22
Livermore,0641992,Alameda,Alameda County,City,Prohibited,Prohibited,Prohibited,Prohibited,Prohibited,Prohibited,Yes,Yes,,2022-01-22
Newark,0650916,Alameda,Alameda County,City,Prohibited,Prohibited,Prohibited,Prohibited,Prohibited,Prohibited,Yes,Yes,,2022-01-22
Oakland,0653000,Alameda,Alameda County,City,Allowed,Allowed,Allowed,Allowed,Allowed,Allowed,No,No,,2022-01-22
Piedmont,0656938,Alameda,Alameda County,City,Prohibited,Prohibited,Prohibited,Prohibited,Prohibited,Prohibited,Yes,Yes,,2022-01-22
Pleasanton,0657792,Alameda,Alameda County,City,Prohibited,Prohibited,Prohibited,Prohibited,Prohibited,Prohibited,Yes,Yes,,2022-01-22
San Leandro,0668084,Alameda,Alameda County,City,Allowed,Allowed,Allowed,Allowed,Prohibited,Allowed,No,No,,2022-01-22
Union City,0681204,Alameda,Alameda County,City,Allowed,Allowed,Allowed,Allowed,Allowed,Allowed,No,No,,2022-01-22
Amador City,0601514,Amador,Amador County,City,Prohibited,Prohibited,Prohibited,Prohibited,Prohibited,Prohibited,Yes,Yes,,2022-01-22
Ione,0636672,Amador,Amador County,City,Prohibited,Prohibited,Prohibited,Prohibited,Prohibited,Prohibited,Yes,Yes,,2022-01-22
Jackson,0636980,Amador,Amador County,City,Prohibited,Prohibited,Prohibited,Prohibited,Prohibited,Prohibited,Yes,Yes,,2022-01-22
Plymouth,0657834,Amador,Amador County,City,Prohibited,Prohibited,Prohibited,Prohibited,Prohibited,Prohibited,Yes,Yes,,2022-01-22
Sutter Creek,0677392,Amador,Amador County,City,Prohibited,Prohibited,Prohibited,Prohibited,Prohibited,Prohibited,Yes,Yes,,2022-01-22
Biggs,0606560,Butte,Butte County,City,Prohibited,Prohibited,Prohibited,Prohibited,Prohibited,Prohibited,Yes,Yes,,2022-01-22
Chico,0613014,Butte,Butte County,City,Allowed,Allowed,Allowed,Allowed,Prohibited,Allowed,No,No,,2022-01-22
Gridley,0631260,Butte,Butte County,City,Prohibited,Prohibited,Prohibited,Prohibited,Prohibited,Prohibited,Yes,Yes,,2022-01-22
Oroville,0654386,Butte,Butte County,City,Prohibited,Prohibited,Prohibited,Prohibited,Prohibited,Prohibited,Yes,Yes,,2022-01-22
Paradise,0655520,Butte,Butte County,City,Prohibited,Prohibited,Prohibited,Prohibited,Prohibited,Prohibited,Yes,Yes,,2022-01-22
Angels Camp,0602112,Calaveras,Calaveras County,City,Prohibited,Prohibited,Prohibited,Prohibited,Prohibited,Prohibited,Yes,Yes,,2022-01-22
Colusa,0614946,Colusa,Colusa County,City,Prohibited,Prohibited,Prohibited,Allowed,Prohibited,Prohibited,No,Yes,,2022-01-22
Williams,0685586,Colusa,Colusa County,City,Prohibited,Prohibited,Allowed,Allowed,Allowed,Allowed,No,Yes,,2022-01-22
Antioch,0602252,Contra Costa,Contra Costa County,City,Allowed,Allowed,Allowed,Allowed,Allowed,Allowed,No,No,,2022-01-22
Brentwood,0608142,Contra Costa,Contra Costa County,City,Prohibited,Prohibited,Prohibited,Prohibited,Prohibited,Prohibited,Yes,Yes,,2022-01-22
Clayton,0613882,Contra Costa,Contra Costa County,City,Prohibited,Prohibited,Prohibited,Prohibited,Prohibited,Prohibited,Yes,Yes,,2022-01-22
Concord,0616000,Contra Costa,Contra Costa County,City,Allowed,Allowed,Allowed,Allowed,Prohibited,Allowed,No,No,,2022-01-22
Danville,0617988,Contra Costa,Contra Costa County,City,Prohibited,Prohibited,Prohibited,Prohibited,Prohibited,Prohibited,Yes,Yes,,2022-01-22
El Cerrito,0621796,Contra Costa,Contra Costa County,City,Allowed,Prohibited,Prohibited,Prohibited,Prohibited,Prohibited,No,No,,2022-01-22
Hercules,0633308,Contra Costa,Contra Costa County,City,Prohibited,Prohibited,Prohibited,Prohibited,Prohibited,Prohibited,Yes,Yes,,2022-01-22
Lafayette,0639122,Contra Costa,Contra Costa County,City,Prohibited,Prohibited,Prohibited,Prohibited,Prohibited,Prohibited,Yes,Yes,,2022-01-22
Martinez,0646114,Contra Costa,Contra Costa County,City,Allowed,Allowed,Allowed,Allowed,Prohibited,Allowed,No,No,,2022-01-22
Moraga,0649187,Contra Costa,Contra Costa County,City,Prohibited,Prohibited,Prohibited,Prohibited,Prohibited,Prohibited,Yes,Yes,,2022-01-22
Oakley,0653070,Contra Costa,Contra Costa County,City,Prohibited,Prohibited,Prohibited,Prohibited,Prohibited,Prohibited,Yes,Yes,,2022-01-22
Orinda,0654232,Contra Costa,Contra Costa County,City,Prohibited,Prohibited,Prohibited,Prohibited,Prohibited,Prohibited,Yes,Yes,,2022-01-22
Pinole,0657288,Contra Costa,Contra Costa County,City,Prohibited,Prohibited,Prohibited,Prohibited,Prohibited,Prohibited,Yes,Yes,,2022-01-22
Pittsburg,0657456,Contra Costa,Contra Costa County,City,Prohibited,Prohibited,Allowed,Allowed,Prohibited,Allowed,No,Yes,,2022-01-22
Pleasant Hill,0657764,Contra Costa,Contra Costa County,City,Prohibited,Limited-Medical Only,Prohibited,Prohibited,Prohibited,Prohibited,No,No,,2022-01-22
Richmond,0660620,Contra Costa,Contra Costa County,City,Allowed,Allowed,Allowed,Allowed,Allowed,Allowed,No,No,,2022-01-22
San Pablo,0668294,Contra Costa,Contra Costa County,City,Prohibited,Prohibited,Prohibited,Prohibited,Prohibited,Prohibited,Yes,Yes,,2022-01-22
San Ramon,0668378,Contra Costa,Contra Costa County,City,Prohibited,Prohibited,Prohibited,Prohibited,Prohibited,Prohibited,Yes,Yes,,2022-01-22
Walnut Creek,0683346,Contra Costa,Contra Costa County,City,Prohibited,Limited-Medical Only,Prohibited,Prohibited,Prohibited,Prohibited,No,No,,2022-01-22
Crescent City,0617022,Del Norte,Del Norte County,City,Allowed,Allowed,Allowed,Allowed,Allowed,Allowed,No,No,,2022-01-22
Placerville,0657540,El Dorado,El Dorado County,City,Allowed,Allowed,Allowed,Prohibited,Prohibited,Allowed,No,No,,2022-01-22
South Lake Tahoe,0673108,El Dorado,El Dorado County,City,Allowed,Allowed,Allowed,Allowed,Allowed,Allowed,No,No,,2022-01-22
Clovis,0614218,Fresno,Fresno County,City,Prohibited,Prohibited,Prohibited,Prohibited,Prohibited,Allowed,No,Yes,,2022-01-22
Coalinga,0614274,Fresno,Fresno County,City,Allowed,Allowed,Allowed,Allowed,Allowed,Allowed,No,No,,2022-01-22
Firebaugh,0624134,Fresno,Fresno County,City,Allowed,Allowed,Allowed,Allowed,Allowed,Allowed,No,No,,2022-01-22
Fowler,0625436,Fresno,Fresno County,City,Prohibited,Prohibited,Prohibited,Prohibited,Prohibited,Prohibited,Yes,Yes,,2022-01-22
Fresno,0627000,Fresno,Fresno County,City,Allowed,Allowed,Allowed,Allowed,Allowed,Allowed,No,No,,2022-01-22
Huron,0636084,Fresno,Fresno County,City,Prohibited,Prohibited,Prohibited,Prohibited,Prohibited,Prohibited,Yes,Yes,,2022-01-22
Kerman,0638226,Fresno,Fresno County,City,Prohibited,Prohibited,Prohibited,Prohibited,Prohibited,Prohibited,Yes,Yes,,2022-01-22
Kingsburg,0638562,Fresno,Fresno County,City,Prohibited,Prohibited,Prohibited,Prohibited,Prohibited,Prohibited,Yes,Yes,,2022-01-22
Mendota,0646828,Fresno,Fresno County,City,Allowed,Allowed,Allowed,Allowed,Allowed,Allowed,No,No,,2022-01-22
Orange Cove,0654008,Fresno,Fresno County,City,Prohibited,Prohibited,Prohibited,Prohibited,Prohibited,Prohibited,Yes,Yes,,2022-01-22
Parlier,0655856,Fresno,Fresno County,City,Prohibited,Prohibited,Allowed,Allowed,Allowed,Allowed,No,Yes,,2022-01-22
Reedley,0660242,Fresno,Fresno County,City,Prohibited,Prohibited,Prohibited,Prohibited,Prohibited,Prohibited,Yes,Yes,,2022-01-22
San Joaquin,0667126,Fresno,Fresno County,City,Prohibited,Prohibited,Prohibited,Prohibited,Prohibited,Prohibited,Yes,Yes,,2022-01-22
Sanger,0667056,Fresno,Fresno County,City,Prohibited,Prohibited,Prohibited,Prohibited,Prohibited,Prohibited,Yes,Yes,,2022-01-22
Selma,0670882,Fresno,Fresno County,City,Prohibited,Prohibited,Prohibited,Prohibited,Prohibited,Prohibited,Yes,Yes,,2022-01-22
Orland,0654274,Glenn,Glenn County,City,Prohibited,Prohibited,Prohibited,Prohibited,Prohibited,Prohibited,Yes,Yes,,2022-01-22
Willows,0685684,Glenn,Glenn County,City,Allowed,Allowed,Prohibited,Prohibited,Prohibited,Prohibited,No,No,,2022-01-22
Arcata,0602476,Humboldt,Humboldt County,City,Allowed,Allowed,Allowed,Allowed,Allowed,Allowed,No,No,,2022-01-22
Blue Lake,0607162,Humboldt,Humboldt County,City,Prohibited,Prohibited,Prohibited,Prohibited,Prohibited,Prohibited,Yes,Yes,,2022-01-22
Eureka,0623042,Humboldt,Humboldt County,City,Allowed,Allowed,Allowed,Allowed,Allowed,Allowed,No,No,,2022-01-22
Ferndale,0623910,Humboldt,Humboldt County,City,Prohibited,Prohibited,Prohibited,Prohibited,Prohibited,Prohibited,Yes,Yes,,2022-01-22
Fortuna,0625296,Humboldt,Humboldt County,City,Prohibited,Prohibited,Prohibited,Prohibited,Prohibited,Prohibited,Yes,Yes,,2022-01-22
Rio Dell,0660900,Humboldt,Humboldt County,City,Allowed,Prohibited,Allowed,Allowed,Allowed,Allowed,No,No,,2022-01-22
Trinidad,0680448,Humboldt,Humboldt County,City,Prohibited,Prohibited,Prohibited,Prohibited,Prohibited,Prohibited,Yes,Yes,,2022-01-22
Brawley,0608058,Imperial,Imperial County,City,Prohibited,Prohibited,Prohibited,Prohibited,Prohibited,Prohibited,Yes,Yes,,2022-01-22
Calexico,0609710,Imperial,Imperial County,City,Allowed,Allowed,Allowed,Allowed,Allowed,Allowed,No,No,,2022-01-22
Calipatria,0609878,Imperial,Imperial County,City,Prohibited,Prohibited,Prohibited,Prohibited,Prohibited,Prohibited,Yes,Yes,,2022-01-22
El Centro,0621782,Imperial,Imperial County,City,Allowed,Prohibited,Prohibited,Prohibited,Prohibited,Prohibited,No,No,,2022-01-22
Holtville,0634246,Imperial,Imperial County,City,Prohibited,Prohibited,Prohibited,Prohibited,Prohibited,Prohibited,Yes,Yes,,2022-01-22
Imperial,0636280,Imperial,Imperial County,City,Allowed,Prohibited,Prohibited,Prohibited,Prohibited,Prohibited,No,No,,2022-01-22
Westmorland,0684606,Imperial,Imperial County,City,Prohibited,Prohibited,Prohibited,Prohibited,Prohibited,Prohibited,Yes,Yes,,2022-01-22
Bishop,0606798,Inyo,Inyo County,City,Allowed,Allowed,Prohibited,Prohibited,Prohibited,Prohibited,No,No,,2022-01-22
Arvin,0602924,Kern,Kern County,City,Prohibited,Allowed,Allowed,Allowed,Allowed,Allowed,No,No,,2022-01-22
Bakersfield,0603526,Kern,Kern County,City,Prohibited,Prohibited,Prohibited,Prohibited,Prohibited,Prohibited,Yes,Yes,,2022-01-22
California City,0609780,Kern,Kern County,City,Allowed,Allowed,Allowed,Allowed,Allowed,Allowed,No,No,,2022-01-22
Delano,0618394,Kern,Kern County,City,Prohibited,Prohibited,Prohibited,Prohibited,Prohibited,Prohibited,Yes,Yes,,2022-01-22
Maricopa,0645736,Kern,Kern County,City,Prohibited,Prohibited,Prohibited,Prohibited,Prohibited,Prohibited,Yes,Yes,,2022-01-22
McFarland,0644826,Kern,Kern County,City,Prohibited,Prohibited,Prohibited,Prohibited,Prohibited,Prohibited,Yes,Yes,,2022-01-22
Ridgecrest,0660704,Kern,Kern County,City,Prohibited,Prohibited,Prohibited,Prohibited,Prohibited,Prohibited,Yes,Yes,,2022-01-22
Shafter,0671106,Kern,Kern County,City,Prohibited,Prohibited,Prohibited,Prohibited,Prohibited,Prohibited,Yes,Yes,,2022-01-22
Taft,0677574,Kern,Kern County,City,Prohibited,Prohibited,Prohibited,Prohibited,Prohibited,Prohibited,Yes,Yes,,2022-01-22
Tehachapi,0678092,Kern,Kern County,City,Prohibited,Prohibited,Prohibited,Prohibited,Prohibited,Prohibited,Yes,Yes,,2022-01-22
Wasco,0683542,Kern,Kern County,City,Prohibited,Prohibited,Prohibited,Prohibited,Prohibited,Prohibited,Yes,Yes,,2022-01-22
Avenal,0603302,Kings,Kings County,City,Prohibited,Prohibited,Prohibited,Prohibited,Prohibited,Prohibited,Yes,Yes,,2022-01-22
Corcoran,0616224,Kings,Kings County,City,Prohibited,Prohibited,Prohibited,Prohibited,Prohibited,Prohibited,Yes,Yes,,2022-01-22
Hanford,0631960,Kings,Kings County,City,Allowed,Allowed,Allowed,Allowed,Allowed,Allowed,No,No,,2022-01-22
Lemoore,0641152,Kings,Kings County,City,Allowed,Allowed,Allowed,Allowed,Allowed,Allowed,No,No,,2022-01-22
Clearlake,0613945,Lake,Lake County,City,Allowed,Allowed,Allowed,Allowed,Allowed,Allowed,No,No,,2022-01-22
Lakeport,0639710,Lake,Lake County,City,Prohibited,Allowed,Allowed,Allowed,Allowed,Allowed,No,No,,2022-01-22
Susanville,0677364,Lassen,Lassen County,City,Prohibited,Prohibited,Prohibited,Prohibited,Prohibited,Prohibited,Yes,Yes,,2022-01-22
Agoura Hills,0600394,Los Angeles,Los Angeles County,City,Prohibited,Prohibited,Prohibited,Prohibited,Prohibited,Prohibited,Yes,Yes,,2022-01-22
Alhambra,0600884,Los Angeles,Los Angeles County,City,Prohibited,Prohibited,Prohibited,Prohibited,Prohibited,Prohibited,Yes,Yes,,2022-01-22
Arcadia,0602462,Los Angeles,Los Angeles County,City,Prohibited,Prohibited,Prohibited,Prohibited,Prohibited,Prohibited,Yes,Yes,,2022-01-22
Artesia,0602896,Los Angeles,Los Angeles County,City,Prohibited,Prohibited,Prohibited,Prohibited,Prohibited,Prohibited,Yes,Yes,,2022-01-22
Avalon (Catalina Island),0603274,Los Angeles,Los Angeles County,City,Prohibited,Limited-Medical Only,Prohibited,Prohibited,Prohibited,Prohibited,No,No,,2022-01-22
Azusa,0603386,Los Angeles,Los Angeles County,City,Prohibited,Prohibited,Prohibited,Prohibited,Prohibited,Prohibited,Yes,Yes,,2022-01-22
Baldwin Park,0603666,Los Angeles,Los Angeles County,City,Prohibited,Prohibited,Allowed,Allowed,Allowed,Prohibited,No,Yes,,2022-01-22
Bell,0604870,Los Angeles,Los Angeles County,City,Prohibited,Prohibited,Limited-Medical Only,Limited-Medical Only,Limited-Medical Only,Limited-Medical Only,No,Yes,,2022-01-22
Bell Gardens,0604996,Los Angeles,Los Angeles County,City,Prohibited,Prohibited,Prohibited,Prohibited,Prohibited,Prohibited,Yes,Yes,,2022-01-22
Bellflower,0604982,Los Angeles,Los Angeles County,City,Allowed,Allowed,Allowed,Allowed,Allowed,Allowed,No,No,,2022-01-22
Beverly Hills,0606308,Los Angeles,Los Angeles County,City,Prohibited,Prohibited,Prohibited,Prohibited,Prohibited,Prohibited,Yes,Yes,,2022-01-22
Bradbury,0607946,Los Angeles,Los Angeles County,City,Prohibited,Prohibited,Prohibited,Prohibited,Prohibited,Prohibited,Yes,Yes,,2022-01-22
Burbank,0608954,Los Angeles,Los Angeles County,City,Prohibited,Prohibited,Prohibited,Prohibited,Prohibited,Prohibited,Yes,Yes,,2022-01-22
Calabasas,0609598,Los Angeles,Los Angeles County,City,Prohibited,Prohibited,Prohibited,Prohibited,Prohibited,Prohibited,Yes,Yes,,2022-01-22
Carson,0611530,Los Angeles,Los Angeles County,City,Prohibited,Prohibited,Allowed,Allowed,Allowed,Allowed,No,Yes,,2022-01-22
Cerritos,0612552,Los Angeles,Los Angeles County,City,Prohibited,Prohibited,Prohibited,Prohibited,Prohibited,Prohibited,Yes,Yes,,2022-01-22
Claremont,0613756,Los Angeles,Los Angeles County,City,Prohibited,Prohibited,Prohibited,Prohibited,Prohibited,Prohibited,Yes,Yes,,2022-01-22
Commerce,0614974,Los Angeles,Los Angeles County,City,Prohibited,Allowed,Allowed,Allowed,Allowed,Allowed,No,No,,2022-01-22
Compton,0615044,Los Angeles,Los Angeles County,City,Prohibited,Prohibited,Prohibited,Prohibited,Prohibited,Prohibited,Yes,Yes,,2022-01-22
Covina,0616742,Los Angeles,Los Angeles County,City,Prohibited,Prohibited,Prohibited,Prohibited,Prohibited,Prohibited,Yes,Yes,,2022-01-22
Cudahy,0617498,Los Angeles,Los Angeles County,City,Prohibited,Limited-Medical Only,Limited-Medical Only,Limited-Medical Only,Limited-Medical Only,Limited-Medical Only,No,No,,2022-01-22
Culver City,0617568,Los Angeles,Los Angeles County,City,Allowed,Allowed,Allowed,Allowed,Allowed,Allowed,No,No,,2022-01-22
Diamond Bar,0619192,Los Angeles,Los Angeles County,City,Prohibited,Prohibited,Prohibited,Prohibited,Prohibited,Prohibited,Yes,Yes,,2022-01-22
Downey,0619766,Los Angeles,Los Angeles County,City,Prohibited,Prohibited,Prohibited,Prohibited,Prohibited,Prohibited,Yes,Yes,,2022-01-22
Duarte,0619990,Los Angeles,Los Angeles County,City,Prohibited,Prohibited,Prohibited,Prohibited,Prohibited,Prohibited,Yes,Yes,,2022-01-22
El Monte,0622230,Los Angeles,Los Angeles County,City,Allowed,Allowed,Allowed,Allowed,Allowed,Allowed,No,No,,2022-01-22
El Segundo,0622412,Los Angeles,Los Angeles County,City,Prohibited,Prohibited,Prohibited,Prohibited,Prohibited,Prohibited,Yes,Yes,,2022-01-22
Gardena,0628168,Los Angeles,Los Angeles County,City,Prohibited,Prohibited,Prohibited,Prohibited,Prohibited,Prohibited,Yes,Yes,,2022-01-22
Glendale,0630000,Los Angeles,Los Angeles County,City,Prohibited,Prohibited,Prohibited,Prohibited,Prohibited,Prohibited,Yes,Yes,,2022-01-22
Glendora,0630014,Los Angeles,Los Angeles County,City,Prohibited,Prohibited,Prohibited,Prohibited,Prohibited,Prohibited,Yes,Yes,,2022-01-22
Hawaiian Gardens,0632506,Los Angeles,Los Angeles County,City,Prohibited,Prohibited,Prohibited,Prohibited,Prohibited,Prohibited,Yes,Yes,,2022-01-22
Hawthorne,0632548,Los Angeles,Los Angeles County,City,Prohibited,Prohibited,Prohibited,Prohibited,Prohibited,Prohibited,Yes,Yes,,2022-01-22
Hermosa Beach,0633364,Los Angeles,Los Angeles County,City,Prohibited,Prohibited,Prohibited,Prohibited,Prohibited,Prohibited,Yes,Yes,,2022-01-22
Hidden Hills,0633518,Los Angeles,Los Angeles County,City,Prohibited,Prohibited,Prohibited,Prohibited,Prohibited,Prohibited,Yes,Yes,,2022-01-22
Huntington Park,0636056,Los Angeles,Los Angeles County,City,Limited-Medical Only,Allowed,Prohibited,Allowed,Allowed,Prohibited,No,No,,2022-01-22
Industry,0636490,Los Angeles,Los Angeles County,City,Prohibited,Prohibited,Prohibited,Prohibited,Prohibited,Prohibited,Yes,Yes,,2022-01-22
Inglewood,0636546,Los Angeles,Los Angeles County,City,Prohibited,Prohibited,Prohibited,Prohibited,Prohibited,Prohibited,Yes,Yes,,2022-01-22
Irwindale,0636826,Los Angeles,Los Angeles County,City,Prohibited,Prohibited,Prohibited,Prohibited,Prohibited,Prohibited,Yes,Yes,,2022-01-22
La Cañada Flintridge,0639003,Los Angeles,Los Angeles County,City,Prohibited,Prohibited,Prohibited,Prohibited,Prohibited,Prohibited,Yes,Yes,,2022-01-22
La Habra Heights,0639304,Los Angeles,Los Angeles County,City,Prohibited,Prohibited,Prohibited,Prohibited,Prohibited,Prohibited,Yes,Yes,,2022-01-22
La Mirada,0640032,Los Angeles,Los Angeles County,City,Prohibited,Prohibited,Prohibited,Prohibited,Prohibited,Prohibited,Yes,Yes,,2022-01-22
La Puente,0640340,Los Angeles,Los Angeles County,City,Prohibited,Prohibited,Prohibited,Prohibited,Prohibited,Prohibited,Yes,Yes,,2022-01-22
La Verne,0640830,Los Angeles,Los Angeles County,City,Prohibited,Prohibited,Prohibited,Prohibited,Prohibited,Prohibited,Yes,Yes,,2022-01-22
Lakewood,0639892,Los Angeles,Los Angeles County,City,Prohibited,Prohibited,Prohibited,Prohibited,Prohibited,Prohibited,Yes,Yes,,2022-01-22
Lancaster,0640130,Los Angeles,Los Angeles County,City,Allowed,Allowed,Allowed,Allowed,Allowed,Allowed,No,No,,2022-01-22
Lawndale,0640886,Los Angeles,Los Angeles County,City,Prohibited,Prohibited,Prohibited,Prohibited,Prohibited,Prohibited,Yes,Yes,,2022-01-22
Lomita,0642468,Los Angeles,Los Angeles County,City,Prohibited,Prohibited,Prohibited,Prohibited,Prohibited,Prohibited,Yes,Yes,,2022-01-22
Long Beach,0643000,Los Angeles,Los Angeles County,City,Allowed,Allowed,Allowed,Allowed,Allowed,Allowed,No,No,,2022-01-22
Los Angeles,0644000,Los Angeles,Los Angeles County,City,Allowed,Allowed,Allowed,Allowed,Allowed,Allowed,No,No,,2022-01-22
Lynwood,0644574,Los Angeles,Los Angeles County,City,Prohibited,Allowed,Allowed,Allowed,Allowed,Allowed,No,No,,2022-01-22
Malibu,0645246,Los Angeles,Los Angeles County,City,Allowed,Allowed,Prohibited,Prohibited,Prohibited,Prohibited,No,No,,2022-01-22
Manhattan Beach,0645400,Los Angeles,Los Angeles County,City,Prohibited,Prohibited,Prohibited,Prohibited,Prohibited,Prohibited,Yes,Yes,,2022-01-22
Maywood,0646492,Los Angeles,Los Angeles County,City,Allowed,Allowed,Allowed,Allowed,Allowed,Allowed,No,No,,2022-01-22
Monrovia,0648648,Los Angeles,Los Angeles County,City,Prohibited,Prohibited,Prohibited,Prohibited,Prohibited,Allowed,No,Yes,,2022-01-22
Montebello,0648816,Los Angeles,Los Angeles County,City,Prohibited,Allowed,Allowed,Allowed,Allowed,Allowed,No,No,,2022-01-22
Monterey Park,0648914,Los Angeles,Los Angeles County,City,Prohibited,Prohibited,Prohibited,Prohibited,Prohibited,Prohibited,Yes,Yes,,2022-01-22
Norwalk,0652526,Los Angeles,Los Angeles County,City,Prohibited,Prohibited,Prohibited,Prohibited,Prohibited,Prohibited,Yes,Yes,,2022-01-22
Palmdale,0655156,Los Angeles,Los Angeles County,City,Prohibited,Prohibited,Prohibited,Prohibited,Prohibited,Prohibited,Yes,Yes,,2022-01-22
Palos Verdes Estates,0655380,Los Angeles,Los Angeles County,City,Prohibited,Prohibited,Prohibited,Prohibited,Prohibited,Prohibited,Yes,Yes,,2022-01-22
Paramount,0655618,Los Angeles,Los Angeles County,City,Prohibited,Prohibited,Prohibited,Prohibited,Prohibited,Prohibited,Yes,Yes,,2022-01-22
Pasadena,0656000,Los Angeles,Los Angeles County,City,Allowed,Allowed,Allowed,Allowed,Allowed,Allowed,No,No,,2022-01-22
Pico Rivera,0656924,Los Angeles,Los Angeles County,City,Prohibited,Prohibited,Prohibited,Prohibited,Prohibited,Prohibited,Yes,Yes,,2022-01-22
Pomona,0658072,Los Angeles,Los Angeles County,City,Allowed,Allowed,Allowed,Allowed,Allowed,Allowed,No,No,,2022-01-22
Rancho Palos Verdes,0659514,Los Angeles,Los Angeles County,City,Prohibited,Prohibited,Prohibited,Prohibited,Prohibited,Prohibited,Yes,Yes,,2022-01-22
Redondo Beach,0660018,Los Angeles,Los Angeles County,City,Prohibited,Prohibited,Prohibited,Prohibited,Prohibited,Prohibited,Yes,Yes,,2022-01-22
Rolling Hills,0662602,Los Angeles,Los Angeles County,City,Prohibited,Limited-Medical Only,Limited-Medical Only,Prohibited,Prohibited,Prohibited,No,No,,2022-01-22
Rolling Hills Estates,0662644,Los Angeles,Los Angeles County,City,Prohibited,Prohibited,Prohibited,Prohibited,Prohibited,Prohibited,Yes,Yes,,2022-01-22
Rosemead,0662896,Los Angeles,Los Angeles County,City,Prohibited,Prohibited,Prohibited,Prohibited,Prohibited,Prohibited,Yes,Yes,,2022-01-22
San Dimas,0666070,Los Angeles,Los Angeles County,City,Prohibited,Prohibited,Prohibited,Prohibited,Prohibited,Prohibited,Yes,Yes,,2022-01-22
San Fernando,0666140,Los Angeles,Los Angeles County,City,Prohibited,Prohibited,Prohibited,Prohibited,Prohibited,Prohibited,Yes,Yes,,2022-01-22
San Gabriel,0667042,Los Angeles,Los Angeles County,City,Prohibited,Prohibited,Prohibited,Prohibited,Prohibited,Prohibited,Yes,Yes,,2022-01-22
San Marino,0668224,Los Angeles,Los Angeles County,City,Prohibited,Prohibited,Prohibited,Prohibited,Prohibited,Prohibited,Yes,Yes,,2022-01-22
Santa Clarita,0669088,Los Angeles,Los Angeles County,City,Prohibited,Prohibited,Prohibited,Prohibited,Prohibited,Prohibited,Yes,Yes,,2022-01-22
Santa Fe Springs,0669154,Los Angeles,Los Angeles County,City,Prohibited,Prohibited,Prohibited,Prohibited,Prohibited,Prohibited,Yes,Yes,,2022-01-22
Santa Monica,0670000,Los Angeles,Los Angeles County,City,Limited-Medical Only,Prohibited,Prohibited,Limited-Medical Only,Prohibited,Prohibited,No,No,,2022-01-22
Sierra Madre,0671806,Los Angeles,Los Angeles County,City,Prohibited,Prohibited,Prohibited,Prohibited,Prohibited,Prohibited,Yes,Yes,,2022-01-22
Signal Hill,0671876,Los Angeles,Los Angeles County,City,Prohibited,Prohibited,Prohibited,Prohibited,Prohibited,Prohibited,Yes,Yes,,2022-01-22
South El Monte,0672996,Los Angeles,Los Angeles County,City,Prohibited,Prohibited,Prohibited,Prohibited,Prohibited,Prohibited,Yes,Yes,,2022-01-22
South Gate,0673080,Los Angeles,Los Angeles County,City,Prohibited,Prohibited,Prohibited,Prohibited,Prohibited,Prohibited,Yes,Yes,,2022-01-22
South Pasadena,0673220,Los Angeles,Los Angeles County,City,Prohibited,Prohibited,Prohibited,Prohibited,Prohibited,Prohibited,Yes,Yes,,2022-01-22
Temple City,0678148,Los Angeles,Los Angeles County,City,Prohibited,Prohibited,Prohibited,Prohibited,Prohibited,Prohibited,Yes,Yes,,2022-01-22
Torrance,0680000,Los Angeles,Los Angeles County,City,Prohibited,Prohibited,Prohibited,Prohibited,Prohibited,Prohibited,Yes,Yes,,2022-01-22
Vernon,0682422,Los Angeles,Los Angeles County,City,Prohibited,Prohibited,Prohibited,Prohibited,Prohibited,Prohibited,Yes,Yes,,2022-01-22
Walnut,0683332,Los Angeles,Los Angeles County,City,Prohibited,Prohibited,Prohibited,Prohibited,Prohibited,Prohibited,Yes,Yes,,2022-01-22
West Covina,0684200,Los Angeles,Los Angeles County,City,Prohibited,Prohibited,Prohibited,Prohibited,Prohibited,Prohibited,Yes,Yes,,2022-01-22
West Hollywood,0684410,Los Angeles,Los Angeles County,City,Allowed,Allowed,Prohibited,Prohibited,Prohibited,Prohibited,No,No,,2022-01-22
Westlake Village,0684438,Los Angeles,Los Angeles County,City,Prohibited,Prohibited,Prohibited,Prohibited,Prohibited,Prohibited,Yes,Yes,,2022-01-22
Whittier,0685292,Los Angeles,Los Angeles County,City,Prohibited,Prohibited,Prohibited,Prohibited,Prohibited,Prohibited,Yes,Yes,,2022-01-22
Chowchilla,0613294,Madera,Madera County,City,Prohibited,Prohibited,Prohibited,Prohibited,Prohibited,Prohibited,Yes,Yes,,2022-01-22
Madera,0645022,Madera,Madera County,City,Prohibited,Prohibited,Prohibited,Prohibited,Prohibited,Prohibited,Yes,Yes,,2022-01-22
Belvedere,0605164,Marin,Marin County,City,Prohibited,Prohibited,Prohibited,Prohibited,Prohibited,Prohibited,Yes,Yes,,2022-01-22
Corte Madera,0616462,Marin,Marin County,City,Prohibited,Prohibited,Prohibited,Prohibited,Prohibited,Prohibited,Yes,Yes,,2022-01-22
Fairfax,0623168,Marin,Marin County,City,Limited-Medical Only,Allowed,Prohibited,Prohibited,Prohibited,Prohibited,No,No,,2022-01-22
Larkspur,0640438,Marin,Marin County,City,Prohibited,Prohibited,Prohibited,Prohibited,Prohibited,Prohibited,Yes,Yes,,2022-01-22
Mill Valley,0647710,Marin,Marin County,City,Prohibited,Prohibited,Prohibited,Prohibited,Prohibited,Prohibited,Yes,Yes,,2022-01-22
Novato,0652582,Marin,Marin County,City,Prohibited,Allowed,Allowed,Allowed,Allowed,Allowed,No,No,,2022-01-22
Ross,0662980,Marin,Marin County,City,Prohibited,Prohibited,Prohibited,Prohibited,Prohibited,Prohibited,Yes,Yes,,2022-01-22
San Anselmo,0664434,Marin,Marin County,City,Prohibited,Prohibited,Prohibited,Prohibited,Prohibited,Prohibited,Yes,Yes,,2022-01-22
San Rafael,0668364,Marin,Marin County,City,Prohibited,Allowed,Allowed,Allowed,Prohibited,Allowed,No,No,,2022-01-22
Sausalito,0670364,Marin,Marin County,City,Prohibited,Prohibited,Prohibited,Prohibited,Prohibited,Prohibited,Yes,Yes,,2022-01-22
Tiburon,0678666,Marin,Marin County,City,Prohibited,Prohibited,Prohibited,Prohibited,Prohibited,Prohibited,Yes,Yes,,2022-01-22
Fort Bragg,0625058,Mendocino,Mendocino County,City,Allowed,Allowed,Allowed,Allowed,Allowed,Allowed,No,No,,2022-01-22
Point Arena,0657876,Mendocino,Mendocino County,City,Allowed,Prohibited,Allowed,Allowed,Allowed,Allowed,No,No,,2022-01-22
Ukiah,0681134,Mendocino,Mendocino County,City,Allowed,Allowed,Allowed,Allowed,Allowed,Allowed,No,No,,2022-01-22
Willits,0685600,Mendocino,Mendocino County,City,Allowed,Allowed,Allowed,Allowed,Allowed,Allowed,No,No,,2022-01-22
Atwater,0603162,Merced,Merced County,City,Allowed,Allowed,Allowed,Allowed,Allowed,Allowed,No,No,,2022-01-22
Dos Palos,0619612,Merced,Merced County,City,Prohibited,Prohibited,Prohibited,Prohibited,Prohibited,Prohibited,Yes,Yes,,2022-01-22
Gustine,0631568,Merced,Merced County,City,Allowed,Allowed,Allowed,Allowed,Allowed,Prohibited,No,No,,2022-01-22
Livingston,0642006,Merced,Merced County,City,Prohibited,Prohibited,Prohibited,Allowed,Allowed,Allowed,No,Yes,,2022-01-22
Los Banos,0644028,Merced,Merced County,City,Prohibited,Prohibited,Prohibited,Prohibited,Prohibited,Prohibited,Yes,Yes,,2022-01-22
Merced,0646898,Merced,Merced County,City,Allowed,Allowed,Allowed,Allowed,Allowed,Allowed,No,No,,2022-01-22
Alturas,0601444,Modoc,Modoc County,City,Prohibited,Prohibited,Prohibited,Prohibited,Prohibited,Prohibited,Yes,Yes,,2022-01-22
Mammoth Lakes,0645358,Mono,Mono County,City,Allowed,Prohibited,Allowed,Allowed,Allowed,Allowed,No,No,,2022-01-22
Carmel-by-the-Sea,0611250,Monterey,Monterey County,City,Prohibited,Prohibited,Prohibited,Prohibited,Prohibited,Prohibited,Yes,Yes,,2022-01-22
Del Rey Oaks,0618688,Monterey,Monterey County,City,Allowed,Allowed,Allowed,Allowed,Allowed,Allowed,No,No,,2022-01-22
Gonzales,0630392,Monterey,Monterey County,City,Prohibited,Prohibited,Prohibited,Limited-Medical Only,Limited-Medical Only,Prohibited,No,Yes,,2022-01-22
Greenfield,0630994,Monterey,Monterey County,City,Allowed,Allowed,Allowed,Allowed,Allowed,Allowed,No,No,,2022-01-22
King City,0638520,Monterey,Monterey County,City,Allowed,Allowed,Allowed,Allowed,Allowed,Allowed,No,No,,2022-01-22
Marina,0645778,Monterey,Monterey County,City,Allowed,Allowed,Allowed,Allowed,Allowed,Allowed,No,No,,2022-01-22
Monterey,0648872,Monterey,Monterey County,City,Prohibited,Prohibited,Prohibited,Prohibited,Prohibited,Allowed,No,Yes,,2022-01-22
Pacific Grove,0654848,Monterey,Monterey County,City,Prohibited,Prohibited,Prohibited,Prohibited,Prohibited,Prohibited,Yes,Yes,,2022-01-22
Salinas,0664224,Monterey,Monterey County,City,Allowed,Allowed,Allowed,Allowed,Allowed,Allowed,No,No,,2022-01-22
Sand City,0665112,Monterey,Monterey County,City,Prohibited,Prohibited,Prohibited,Prohibited,Prohibited,Prohibited,Yes,Yes,,2022-01-22
Seaside,0670742,Monterey,Monterey County,City,Allowed,Allowed,Allowed,Allowed,Allowed,Allowed,No,No,,2022-01-22
Soledad,0672520,Monterey,Monterey County,City,Prohibited,Prohibited,Prohibited,Prohibited,Prohibited,Prohibited,Yes,Yes,,2022-01-22
American Canyon,0601640,Napa,Napa County,City,Prohibited,Allowed,Allowed,Allowed,Allowed,Allowed,No,No,,2022-01-22
Calistoga,0609892,Napa,Napa County,City,Prohibited,Prohibited,Prohibited,Prohibited,Prohibited,Prohibited,Yes,Yes,,2022-01-22
Napa,0650258,Napa,Napa County,City,Limited-Medical Only,Limited-Medical Only,Prohibited,Allowed,Prohibited,Prohibited,No,No,,2022-01-22
St. Helena,0664140,Napa,Napa County,City,Prohibited,Prohibited,Prohibited,Prohibited,Prohibited,Prohibited,Yes,Yes,,2022-01-22
Yountville,0686930,Napa,Napa County,City,Prohibited,Allowed,Prohibited,Prohibited,Prohibited,Prohibited,No,No,,2022-01-22
Grass Valley,0630798,Nevada,Nevada County,City,Allowed,Allowed,Allowed,Allowed,Allowed,Allowed,No,No,,2022-01-22
Nevada City,0650874,Nevada,Nevada County,City,Allowed,Allowed,Allowed,Allowed,Allowed,Allowed,No,No,,2022-01-22
Truckee,0680588,Nevada,Nevada County,City,Prohibited,Allowed,Prohibited,Prohibited,Prohibited,Prohibited,No,No,,2022-01-22
Aliso Viejo,0600947,Orange,Orange County,City,Prohibited,Prohibited,Prohibited,Prohibited,Prohibited,Prohibited,Yes,Yes,,2022-01-22
Anaheim,0602000,Orange,Orange County,City,Prohibited,Prohibited,Prohibited,Prohibited,Prohibited,Prohibited,Yes,Yes,,2022-01-22
Brea,0608100,Orange,Orange County,City,Prohibited,Prohibited,Prohibited,Prohibited,Prohibited,Prohibited,Yes,Yes,,2022-01-22
Buena Park,0608786,Orange,Orange County,City,Prohibited,Prohibited,Prohibited,Prohibited,Prohibited,Prohibited,Yes,Yes,,2022-01-22
Costa Mesa,0616532,Orange,Orange County,City,Allowed,Allowed,Allowed,Allowed,Prohibited,Allowed,No,No,,2022-01-22
Cypress,0617750,Orange,Orange County,City,Prohibited,Prohibited,Prohibited,Prohibited,Prohibited,Prohibited,Yes,Yes,,2022-01-22
Dana Point,0617946,Orange,Orange County,City,Prohibited,Prohibited,Prohibited,Prohibited,Prohibited,Prohibited,Yes,Yes,,2022-01-22
Fountain Valley,0625380,Orange,Orange County,City,Prohibited,Prohibited,Prohibited,Prohibited,Prohibited,Prohibited,Yes,Yes,,2022-01-22
Fullerton,0628000,Orange,Orange County,City,Allowed,Allowed,Allowed,Allowed,Allowed,Allowed,No,No,,2022-01-22
Garden Grove,0629000,Orange,Orange County,City,Prohibited,Prohibited,Prohibited,Prohibited,Prohibited,Prohibited,Yes,Yes,,2022-01-22
Huntington Beach,0636000,Orange,Orange County,City,Prohibited,Prohibited,Prohibited,Prohibited,Prohibited,Prohibited,Yes,Yes,,2022-01-22
Irvine,0636770,Orange,Orange County,City,Prohibited,Prohibited,Prohibited,Prohibited,Prohibited,Allowed,No,Yes,,2022-01-22
La Habra,0639290,Orange,Orange County,City,Prohibited,Allowed,Allowed,Prohibited,Prohibited,Allowed,No,No,,2022-01-22
La Palma,0640256,Orange,Orange County,City,Prohibited,Prohibited,Prohibited,Prohibited,Prohibited,Prohibited,Yes,Yes,,2022-01-22
Laguna Beach,0639178,Orange,Orange County,City,Prohibited,Prohibited,Prohibited,Prohibited,Prohibited,Prohibited,Yes,Yes,,2022-01-22
Laguna Hills,0639220,Orange,Orange County,City,Prohibited,Prohibited,Prohibited,Prohibited,Prohibited,Prohibited,Yes,Yes,,2022-01-22
Laguna Niguel,0639248,Orange,Orange County,City,Prohibited,Prohibited,Prohibited,Prohibited,Prohibited,Prohibited,Yes,Yes,,2022-01-22
Laguna Woods,0639259,Orange,Orange County,City,Prohibited,Prohibited,Prohibited,Prohibited,Prohibited,Prohibited,Yes,Yes,,2022-01-22
Lake Forest,0639496,Orange,Orange County,City,Prohibited,Prohibited,Prohibited,Prohibited,Prohibited,Allowed,No,Yes,,2022-01-22
Los Alamitos,0643224,Orange,Orange County,City,Prohibited,Prohibited,Prohibited,Prohibited,Prohibited,Prohibited,Yes,Yes,,2022-01-22
Mission Viejo,0648256,Orange,Orange County,City,Prohibited,Prohibited,Prohibited,Prohibited,Prohibited,Prohibited,Yes,Yes,,2022-01-22
Newport Beach,0651182,Orange,Orange County,City,Prohibited,Prohibited,Prohibited,Prohibited,Prohibited,Prohibited,Yes,Yes,,2022-01-22
Orange,0653980,Orange,Orange County,City,Prohibited,Prohibited,Prohibited,Prohibited,Prohibited,Prohibited,Yes,Yes,,2022-01-22
Placentia,0657526,Orange,Orange County,City,Prohibited,Prohibited,Prohibited,Prohibited,Prohibited,Prohibited,Yes,Yes,,2022-01-22
Rancho Santa Margarita,0659587,Orange,Orange County,City,Prohibited,Prohibited,Prohibited,Prohibited,Prohibited,Prohibited,Yes,Yes,,2022-01-22
San Clemente,0665084,Orange,Orange County,City,Prohibited,Prohibited,Prohibited,Prohibited,Prohibited,Prohibited,Yes,Yes,,2022-01-22
San Juan Capistrano,0668028,Orange,Orange County,City,Prohibited,Prohibited,Prohibited,Prohibited,Prohibited,Prohibited,Yes,Yes,,2022-01-22
Santa Ana,0669000,Orange,Orange County,City,Allowed,Allowed,Allowed,Allowed,Allowed,Allowed,No,No,,2022-01-22
Seal Beach,0670686,Orange,Orange County,City,Prohibited,Prohibited,Prohibited,Prohibited,Prohibited,Prohibited,Yes,Yes,,2022-01-22
Stanton,0673962,Orange,Orange County,City,Allowed,Allowed,Allowed,Allowed,Allowed,Allowed,No,No,,2022-01-22
Tustin,0680854,Orange,Orange County,City,Prohibited,Prohibited,Prohibited,Prohibited,Prohibited,Prohibited,Yes,Yes,,2022-01-22
Villa Park,0682744,Orange,Orange County,City,Prohibited,Prohibited,Prohibited,Prohibited,Prohibited,Prohibited,Yes,Yes,,2022-01-22
Westminster,0684550,Orange,Orange County,City,Prohibited,Prohibited,Prohibited,Prohibited,Prohibited,Prohibited,Yes,Yes,,2022-01-22
Yorba Linda,0686832,Orange,Orange County,City,Prohibited,Prohibited,Prohibited,Prohibited,Prohibited,Prohibited,Yes,Yes,,2022-01-22
Auburn,0603204,Placer,Placer County,City,Prohibited,Prohibited,Prohibited,Prohibited,Prohibited,Prohibited,Yes,Yes,,2022-01-22
Colfax,0614498,Placer,Placer County,City,Allowed,Allowed,Allowed,Allowed,Allowed,Allowed,No,No,,2022-01-22
Lincoln,0641474,Placer,Placer County,City,Prohibited,Prohibited,Prohibited,Prohibited,Prohibited,Prohibited,Yes,Yes,,2022-01-22
Loomis,0643140,Placer,Placer County,City,Prohibited,Prohibited,Prohibited,Prohibited,Prohibited,Prohibited,Yes,Yes,,2022-01-22
Rocklin,0662364,Placer,Placer County,City,Prohibited,Prohibited,Prohibited,Prohibited,Prohibited,Prohibited,Yes,Yes,,2022-01-22
Roseville,0662938,Placer,Placer County,City,Prohibited,Prohibited,Prohibited,Prohibited,Prohibited,Prohibited,Yes,Yes,,2022-01-22
Portola,0658352,Plumas,Plumas County,City,Prohibited,Prohibited,Prohibited,Prohibited,Prohibited,Prohibited,Yes,Yes,,2022-01-22
Banning,0603820,Riverside,Riverside County,City,Allowed,Prohibited,Allowed,Allowed,Allowed,Allowed,No,No,,2022-01-22
Beaumont,0604758,Riverside,Riverside County,City,Prohibited,Prohibited,Prohibited,Prohibited,Prohibited,Prohibited,Yes,Yes,,2022-01-22
Blythe,0607218,Riverside,Riverside County,City,Allowed,Prohibited,Allowed,Allowed,Allowed,Allowed,No,No,,2022-01-22
Calimesa,0609864,Riverside,Riverside County,City,Prohibited,Prohibited,Prohibited,Prohibited,Prohibited,Prohibited,Yes,Yes,,2022-01-22
Canyon Lake,0610928,Riverside,Riverside County,City,Prohibited,Prohibited,Prohibited,Prohibited,Prohibited,Prohibited,Yes,Yes,,2022-01-22
Cathedral City,0612048,Riverside,Riverside County,City,Allowed,Allowed,Allowed,Allowed,Allowed,Allowed,No,No,,2022-01-22
Coachella,0614260,Riverside,Riverside County,City,Allowed,Allowed,Allowed,Allowed,Allowed,Allowed,No,No,,2022-01-22
Corona,0616350,Riverside,Riverside County,City,Allowed,Allowed,Allowed,Allowed,Prohibited,Allowed,No,No,,2022-01-22
Desert Hot Springs,0618996,Riverside,Riverside County,City,Allowed,Allowed,Allowed,Allowed,Allowed,Allowed,No,No,,2022-01-22
Eastvale,0621230,Riverside,Riverside County,City,Prohibited,Prohibited,Prohibited,Prohibited,Prohibited,Prohibited,Yes,Yes,,2022-01-22
Hemet,0633182,Riverside,Riverside County,City,Allowed,Allowed,Allowed,Allowed,Allowed,Allowed,No,No,,2022-01-22
Indian Wells,0636434,Riverside,Riverside County,City,Prohibited,Prohibited,Prohibited,Prohibited,Prohibited,Prohibited,Yes,Yes,,2022-01-22
Indio,0636448,Riverside,Riverside County,City,Prohibited,Prohibited,Prohibited,Prohibited,Prohibited,Prohibited,Yes,Yes,,2022-01-22
Jurupa Valley,0637692,Riverside,Riverside County,City,Allowed,Prohibited,Allowed,Allowed,Allowed,Allowed,No,No,,2022-01-22
La Quinta,0640354,Riverside,Riverside County,City,Prohibited,Limited-Medical Only,Prohibited,Prohibited,Prohibited,Prohibited,No,No,,2022-01-22
Lake Elsinore,0639486,Riverside,Riverside County,City,Allowed,Prohibited,Allowed,Allowed,Allowed,Allowed,No,No,,2022-01-22
Menifee,0646842,Riverside,Riverside County,City,Prohibited,Prohibited,Prohibited,Prohibited,Prohibited,Prohibited,Yes,Yes,,2022-01-22
Moreno Valley,0649270,Riverside,Riverside County,City,Allowed,Allowed,Allowed,Allowed,Allowed,Allowed,No,No,,2022-01-22
Murrieta,0650076,Riverside,Riverside County,City,Prohibited,Prohibited,Prohibited,Prohibited,Prohibited,Allowed,No,Yes,,2022-01-22
Norco,0651560,Riverside,Riverside County,City,Prohibited,Prohibited,Prohibited,Prohibited,Prohibited,Prohibited,Yes,Yes,,2022-01-22
Palm Desert,0655184,Riverside,Riverside County,City,Allowed,Allowed,Allowed,Allowed,Allowed,Allowed,No,No,,2022-01-22
Palm Springs,0655254,Riverside,Riverside County,City,Allowed,Allowed,Allowed,Allowed,Allowed,Allowed,No,No,,2022-01-22
Perris,0656700,Riverside,Riverside County,City,Allowed,Allowed,Allowed,Allowed,Allowed,Allowed,No,No,,2022-01-22
Rancho Mirage,0659500,Riverside,Riverside County,City,Prohibited,Prohibited,Prohibited,Prohibited,Prohibited,Prohibited,Yes,Yes,,2022-01-22
Riverside,0662000,Riverside,Riverside County,City,Prohibited,Prohibited,Prohibited,Prohibited,Prohibited,Allowed,No,Yes,,2022-01-22
San Jacinto,0667112,Riverside,Riverside County,City,Allowed,Prohibited,Allowed,Allowed,Allowed,Allowed,No,No,,2022-01-22
Temecula,0678120,Riverside,Riverside County,City,Prohibited,Prohibited,Prohibited,Prohibited,Prohibited,Prohibited,Yes,Yes,,2022-01-22
Wildomar,0685446,Riverside,Riverside County,City,Allowed,Allowed,Allowed,Allowed,Allowed,Allowed,No,No,,2022-01-22
Citrus Heights,0613588,Sacramento,Sacramento County,City,Prohibited,Prohibited,Prohibited,Prohibited,Prohibited,Prohibited,Yes,Yes,,2022-01-22
Elk Grove,0622020,Sacramento,Sacramento County,City,Prohibited,Prohibited,Prohibited,Prohibited,Prohibited,Prohibited,Yes,Yes,,2022-01-22
Folsom,0624638,Sacramento,Sacramento County,City,Prohibited,Prohibited,Prohibited,Prohibited,Prohibited,Prohibited,Yes,Yes,,2022-01-22
Galt,0628112,Sacramento,Sacramento County,City,Prohibited,Prohibited,Prohibited,Prohibited,Prohibited,Prohibited,Yes,Yes,,2022-01-22
Isleton,0636882,Sacramento,Sacramento County,City,Allowed,Allowed,Allowed,Allowed,Allowed,Allowed,No,No,,2022-01-22
Rancho Cordova,0659444,Sacramento,Sacramento County,City,Prohibited,Prohibited,Prohibited,Prohibited,Prohibited,Prohibited,Yes,Yes,,2022-01-22
Sacramento,0664000,Sacramento,Sacramento County,City,Allowed,Allowed,Allowed,Allowed,Allowed,Allowed,No,No,,2022-01-22
Hollister,0634120,San Benito,San Benito County,City,Limited-Medical Only,Allowed,Allowed,Allowed,Allowed,Allowed,No,No,,2022-01-22
San Juan Bautista,0668014,San Benito,San Benito County,City,Allowed,Allowed,Allowed,Allowed,Allowed,Allowed,No,No,,2022-01-22
Adelanto,0600296,San Bernardino,San Bernardino County,City,Allowed,Allowed,Allowed,Allowed,Allowed,Allowed,No,No,,2022-01-22
Apple Valley,0602364,San Bernardino,San Bernardino County,City,Prohibited,Prohibited,Prohibited,Prohibited,Prohibited,Prohibited,Yes,Yes,,2022-01-22
Barstow,0604030,San Bernardino,San Bernardino County,City,Allowed,Allowed,Allowed,Allowed,Allowed,Allowed,No,No,,2022-01-22
Big Bear Lake,0606434,San Bernardino,San Bernardino County,City,Prohibited,Prohibited,Prohibited,Prohibited,Prohibited,Prohibited,Yes,Yes,,2022-01-22
Chino,0613210,San Bernardino,San Bernardino County,City,Prohibited,Prohibited,Prohibited,Prohibited,Prohibited,Prohibited,Yes,Yes,,2022-01-22
Chino Hills,0613214,San Bernardino,San Bernardino County,City,Prohibited,Prohibited,Prohibited,Prohibited,Prohibited,Prohibited,Yes,Yes,,2022-01-22
Colton,0614890,San Bernardino,San Bernardino County,City,Prohibited,Prohibited,Prohibited,Allowed,Allowed,Allowed,No,Yes,,2022-01-22
Fontana,0624680,San Bernardino,San Bernardino County,City,Prohibited,Prohibited,Prohibited,Prohibited,Prohibited,Prohibited,Yes,Yes,,2022-01-22
Grand Terrace,0630658,San Bernardino,San Bernardino County,City,Prohibited,Prohibited,Prohibited,Prohibited,Prohibited,Prohibited,Yes,Yes,,2022-01-22
Hesperia,0633434,San Bernardino,San Bernardino County,City,Prohibited,Limited-Medical Only,Prohibited,Prohibited,Prohibited,Prohibited,No,No,,2022-01-22
Highland,0633588,San Bernardino,San Bernardino County,City,Prohibited,Prohibited,Prohibited,Prohibited,Prohibited,Prohibited,Yes,Yes,,2022-01-22
Loma Linda,0642370,San Bernardino,San Bernardino County,City,Prohibited,Prohibited,Prohibited,Prohibited,Prohibited,Prohibited,Yes,Yes,,2022-01-22
Montclair,0648788,San Bernardino,San Bernardino County,City,Prohibited,Prohibited,Prohibited,Prohibited,Prohibited,Prohibited,Yes,Yes,,2022-01-22
Needles,0650734,San Bernardino,San Bernardino County,City,Allowed,Allowed,Allowed,Allowed,Allowed,Allowed,No,No,,2022-01-22
Ontario,0653896,San Bernardino,San Bernardino County,City,Prohibited,Prohibited,Prohibited,Prohibited,Prohibited,Prohibited,Yes,Yes,,2022-01-22
Rancho Cucamonga,0659451,San Bernardino,San Bernardino County,City,Prohibited,Prohibited,Prohibited,Prohibited,Prohibited,Prohibited,Yes,Yes,,2022-01-22
Redlands,0659962,San Bernardino,San Bernardino County,City,Prohibited,Prohibited,Prohibited,Prohibited,Prohibited,Prohibited,Yes,Yes,,2022-01-22
Rialto,0660466,San Bernardino,San Bernardino County,City,Prohibited,Prohibited,Prohibited,Prohibited,Prohibited,Prohibited,Yes,Yes,,2022-01-22
San Bernardino,0665000,San Bernardino,San Bernardino County,City,Allowed,Allowed,Allowed,Allowed,Allowed,Allowed,No,No,,2022-01-22
Twentynine Palms,0680994,San Bernardino,San Bernardino County,City,Prohibited,Prohibited,Prohibited,Prohibited,Prohibited,Prohibited,Yes,Yes,,2022-01-22
Upland,0681344,San Bernardino,San Bernardino County,City,Prohibited,Prohibited,Prohibited,Prohibited,Prohibited,Prohibited,Yes,Yes,,2022-01-22
Victorville,0682590,San Bernardino,San Bernardino County,City,Prohibited,Prohibited,Prohibited,Prohibited,Prohibited,Prohibited,Yes,Yes,,2022-01-22
Yucaipa,0687042,San Bernardino,San Bernardino County,City,Prohibited,Prohibited,Prohibited,Prohibited,Prohibited,Prohibited,Yes,Yes,,2022-01-22
Yucca Valley,0687056,San Bernardino,San Bernardino County,City,Prohibited,Prohibited,Prohibited,Prohibited,Prohibited,Prohibited,Yes,Yes,,2022-01-22
Carlsbad,0611194,San Diego,San Diego County,City,Prohibited,Prohibited,Prohibited,Prohibited,Prohibited,Prohibited,Yes,Yes,,2022-01-22
Chula Vista,0613392,San Diego,San Diego County,City,Allowed,Allowed,Allowed,Allowed,Allowed,Allowed,No,No,,2022-01-22
Coronado,0616378,San Diego,San Diego County,City,Prohibited,Prohibited,Prohibited,Prohibited,Prohibited,Prohibited,Yes,Yes,,2022-01-22
Del Mar,0618506,San Diego,San Diego County,City,Prohibited,Prohibited,Prohibited,Prohibited,Prohibited,Prohibited,Yes,Yes,,2022-01-22
El Cajon,0621712,San Diego,San Diego County,City,Prohibited,Prohibited,Prohibited,Prohibited,Prohibited,Prohibited,Yes,Yes,,2022-01-22
Encinitas,0622678,San Diego,San Diego County,City,Allowed,Allowed,Allowed,Allowed,Allowed,Prohibited,No,No,,2022-01-22
Escondido,0622804,San Diego,San Diego County,City,Prohibited,Prohibited,Prohibited,Prohibited,Prohibited,Prohibited,Yes,Yes,,2022-01-22
Imperial Beach,0636294,San Diego,San Diego County,City,Allowed,Allowed,Prohibited,Prohibited,Prohibited,Prohibited,No,No,,2022-01-22
La Mesa,0640004,San Diego,San Diego County,City,Allowed,Prohibited,Allowed,Allowed,Allowed,Allowed,No,No,,2022-01-22
Lemon Grove,0641124,San Diego,San Diego County,City,Allowed,Allowed,Allowed,Allowed,Allowed,Prohibited,No,No,,2022-01-22
National City,0650398,San Diego,San Diego County,City,Allowed,Allowed,Allowed,Allowed,Allowed,Allowed,No,No,,2022-01-22
Oceanside,0653322,San Diego,San Diego County,City,Prohibited,Allowed,Allowed,Allowed,Allowed,Allowed,No,No,,2022-01-22
Poway,0658520,San Diego,San Diego County,City,Prohibited,Prohibited,Prohibited,Prohibited,Prohibited,Prohibited,Yes,Yes,,2022-01-22
San Diego,0666000,San Diego,San Diego County,City,Allowed,Allowed,Allowed,Allowed,Allowed,Allowed,No,No,,2022-01-22
San Marcos,0668196,San Diego,San Diego County,City,Prohibited,Prohibited,Prohibited,Prohibited,Prohibited,Prohibited,Yes,Yes,,2022-01-22
Santee,0670224,San Diego,San Diego County,City,Prohibited,Prohibited,Prohibited,Prohibited,Prohibited,Prohibited,Yes,Yes,,2022-01-22
Solana Beach,0672506,San Diego,San Diego County,City,Prohibited,Prohibited,Prohibited,Prohibited,Prohibited,Prohibited,Yes,Yes,,2022-01-22
Vista,0682996,San Diego,San Diego County,City,Allowed,Allowed,Allowed,Allowed,Prohibited,Allowed,No,No,,2022-01-22
San Francisco,0667000,San Francisco,San Francisco County,City,Allowed,Allowed,Allowed,Allowed,Allowed,Allowed,No,No,,2022-01-22
Escalon,0622790,San Joaquin,San Joaquin County,City,Prohibited,Prohibited,Prohibited,Prohibited,Prohibited,Prohibited,Yes,Yes,,2022-01-22
Lathrop,0640704,San Joaquin,San Joaquin County,City,Allowed,Prohibited,Prohibited,Prohibited,Prohibited,Prohibited,No,No,,2022-01-22
Lodi,0642202,San Joaquin,San Joaquin County,City,Prohibited,Prohibited,Prohibited,Prohibited,Prohibited,Prohibited,Yes,Yes,,2022-01-22
Manteca,0645484,San Joaquin,San Joaquin County,City,Prohibited,Prohibited,Prohibited,Prohibited,Prohibited,Prohibited,Yes,Yes,,2022-01-22
Ripon,0661026,San Joaquin,San Joaquin County,City,Prohibited,Prohibited,Prohibited,Prohibited,Prohibited,Prohibited,Yes,Yes,,2022-01-22
Stockton,0675000,San Joaquin,San Joaquin County,City,Allowed,Allowed,Allowed,Allowed,Allowed,Allowed,No,No,,2022-01-22
Tracy,0680238,San Joaquin,San Joaquin County,City,Allowed,Allowed,Allowed,Allowed,Allowed,Allowed,No,No,,2022-01-22
Arroyo Grande,0602868,San Luis Obispo,San Luis Obispo County,City,Prohibited,Prohibited,Prohibited,Prohibited,Prohibited,Prohibited,Yes,Yes,,2022-01-22
Atascadero,0603064,San Luis Obispo,San Luis Obispo County,City,Prohibited,Allowed,Prohibited,Prohibited,Prohibited,Allowed,No,No,,2022-01-22
Grover Beach,0631393,San Luis Obispo,San Luis Obispo County,City,Allowed,Allowed,Allowed,Allowed,Allowed,Allowed,No,No,,2022-01-22
Morro Bay,0649362,San Luis Obispo,San Luis Obispo County,City,Allowed,Allowed,Allowed,Prohibited,Prohibited,Prohibited,No,No,,2022-01-22
Paso Robles (El Paso de Robles),0622300,San Luis Obispo,San Luis Obispo County,City,Prohibited,Prohibited,Prohibited,Prohibited,Prohibited,Prohibited,Yes,Yes,,2022-01-22
Pismo Beach,0657414,San Luis Obispo,San Luis Obispo County,City,Prohibited,Prohibited,Prohibited,Prohibited,Prohibited,Prohibited,Yes,Yes,,2022-01-22
San Luis Obispo,0668154,San Luis Obispo,San Luis Obispo County,City,Allowed,Allowed,Allowed,Allowed,Allowed,Allowed,No,No,,2022-01-22
Atherton,0603092,San Mateo,San Mateo County,City,Prohibited,Prohibited,Prohibited,Prohibited,Prohibited,Prohibited,Yes,Yes,,2022-01-22
Belmont,0605108,San Mateo,San Mateo County,City,Prohibited,Prohibited,Prohibited,Prohibited,Prohibited,Prohibited,Yes,Yes,,2022-01-22
Brisbane,0608310,San Mateo,San Mateo County,City,Prohibited,Allowed,Allowed,Allowed,Prohibited,Allowed,No,No,,2022-01-22
Burlingame,0609066,San Mateo,San Mateo County,City,Prohibited,Allowed,Prohibited,Prohibited,Prohibited,Prohibited,No,No,,2022-01-22
Colma,0614736,San Mateo,San Mateo County,City,Prohibited,Prohibited,Prohibited,Prohibited,Prohibited,Prohibited,Yes,Yes,,2022-01-22
Daly City,0617918,San Mateo,San Mateo County,City,Allowed,Allowed,Prohibited,Prohibited,Prohibited,Allowed,No,No,,2022-01-22
East Palo Alto,0620956,San Mateo,San Mateo County,City,Prohibited,Prohibited,Prohibited,Prohibited,Prohibited,Prohibited,Yes,Yes,,2022-01-22
Foster City,0625338,San Mateo,San Mateo County,City,Prohibited,Prohibited,Prohibited,Prohibited,Prohibited,Allowed,No,Yes,,2022-01-22
Half Moon Bay,0631708,San Mateo,San Mateo County,City,Prohibited,Prohibited,Prohibited,Prohibited,Allowed,Prohibited,No,Yes,,2022-01-22
Hillsborough,0633798,San Mateo,San Mateo County,City,Prohibited,Prohibited,Prohibited,Prohibited,Prohibited,Prohibited,Yes,Yes,,2022-01-22
Menlo Park,0646870,San Mateo,San Mateo County,City,Prohibited,Prohibited,Prohibited,Prohibited,Prohibited,Prohibited,Yes,Yes,,2022-01-22
Millbrae,0647486,San Mateo,San Mateo County,City,Prohibited,Prohibited,Prohibited,Prohibited,Prohibited,Prohibited,Yes,Yes,,2022-01-22
Pacifica,0654806,San Mateo,San Mateo County,City,Allowed,Allowed,Allowed,Allowed,Prohibited,Allowed,No,No,,2022-01-22
Portola Valley,0658380,San Mateo,San Mateo County,City,Prohibited,Prohibited,Prohibited,Prohibited,Allowed,Prohibited,No,Yes,,2022-01-22
Redwood City,0660102,San Mateo,San Mateo County,City,Allowed,Allowed,Prohibited,Prohibited,Allowed,Prohibited,No,No,,2022-01-22
San Bruno,0665028,San Mateo,San Mateo County,City,Prohibited,Prohibited,Prohibited,Prohibited,Prohibited,Prohibited,Yes,Yes,,2022-01-22
San Carlos,0665070,San Mateo,San Mateo County,City,Prohibited,Prohibited,Allowed,Allowed,Allowed,Allowed,No,Yes,,2022-01-22
San Mateo,0668252,San Mateo,San Mateo County,City,Prohibited,Prohibited,Prohibited,Prohibited,Prohibited,Prohibited,Yes,Yes,,2022-01-22
South San Francisco,0673262,San Mateo,San Mateo County,City,Prohibited,Allowed,Allowed,Allowed,Allowed,Allowed,No,No,,2022-01-22
Woodside,0686440,San Mateo,San Mateo County,City,Prohibited,Prohibited,Prohibited,Prohibited,Prohibited,Prohibited,Yes,Yes,,2022-01-22
Buellton,0608758,Santa Barbara,Santa Barbara County,City,Prohibited,Prohibited,Prohibited,Prohibited,Prohibited,Allowed,No,Yes,,2022-01-22
Carpinteria,0611446,Santa Barbara,Santa Barbara County,City,Prohibited,Allowed,Allowed,Allowed,Prohibited,Allowed,No,No,,2022-01-22
Goleta,0630378,Santa Barbara,Santa Barbara County,City,Allowed,Allowed,Allowed,Allowed,Allowed,Allowed,No,No,,2022-01-22
Guadalupe,0631414,Santa Barbara,Santa Barbara County,City,Allowed,Allowed,Allowed,Allowed,Allowed,Allowed,No,No,,2022-01-22
Lompoc,0642524,Santa Barbara,Santa Barbara County,City,Allowed,Allowed,Allowed,Allowed,Allowed,Allowed,No,No,,2022-01-22
Santa Barbara,0669070,Santa Barbara,Santa Barbara County,City,Allowed,Allowed,Allowed,Allowed,Allowed,Allowed,No,No,,2022-01-22
Santa Maria,0669196,Santa Barbara,Santa Barbara County,City,Prohibited,Prohibited,Prohibited,Prohibited,Prohibited,Prohibited,Yes,Yes,,2022-01-22
Solvang,0672576,Santa Barbara,Santa Barbara County,City,Limited-Medical Only,Limited-Medical Only,Limited-Medical Only,Limited-Medical Only,Limited-Medical Only,Limited-Medical Only,No,No,,2022-01-22
Campbell,0610345,Santa Clara,Santa Clara County,City,Prohibited,Prohibited,Prohibited,Prohibited,Prohibited,Prohibited,Yes,Yes,,2022-01-22
Cupertino,0617610,Santa Clara,Santa Clara County,City,Prohibited,Prohibited,Prohibited,Prohibited,Prohibited,Prohibited,Yes,Yes,,2022-01-22
Gilroy,0629504,Santa Clara,Santa Clara County,City,Prohibited,Prohibited,Prohibited,Prohibited,Prohibited,Prohibited,Yes,Yes,,2022-01-22
Los Altos,0643280,Santa Clara,Santa Clara County,City,Prohibited,Prohibited,Prohibited,Prohibited,Prohibited,Prohibited,Yes,Yes,,2022-01-22
Los Altos Hills,0643294,Santa Clara,Santa Clara County,City,Prohibited,Prohibited,Prohibited,Prohibited,Prohibited,Prohibited,Yes,Yes,,2022-01-22
Los Gatos,0644112,Santa Clara,Santa Clara County,City,Prohibited,Prohibited,Prohibited,Prohibited,Prohibited,Prohibited,Yes,Yes,,2022-01-22
Milpitas,0647766,Santa Clara,Santa Clara County,City,Prohibited,Prohibited,Prohibited,Prohibited,Prohibited,Prohibited,Yes,Yes,,2022-01-22
Monte Sereno,0648956,Santa Clara,Santa Clara County,City,Prohibited,Prohibited,Prohibited,Prohibited,Prohibited,Prohibited,Yes,Yes,,2022-01-22
Morgan Hill,0649278,Santa Clara,Santa Clara County,City,Prohibited,Prohibited,Prohibited,Prohibited,Prohibited,Prohibited,Yes,Yes,,2022-01-22
Mountain View,0649670,Santa Clara,Santa Clara County,City,Allowed,Allowed,Prohibited,Prohibited,Prohibited,Prohibited,No,No,,2022-01-22
Palo Alto,0655282,Santa Clara,Santa Clara County,City,Prohibited,Prohibited,Prohibited,Prohibited,Prohibited,Prohibited,Yes,Yes,,2022-01-22
San Jose,0668000,Santa Clara,Santa Clara County,City,Allowed,Allowed,Allowed,Allowed,Allowed,Allowed,No,No,,2022-01-22
Santa Clara,0669084,Santa Clara,Santa Clara County,City,Prohibited,Prohibited,Prohibited,Prohibited,Prohibited,Prohibited,Yes,Yes,,2022-01-22
Saratoga,0670280,Santa Clara,Santa Clara County,City,Prohibited,Prohibited,Prohibited,Prohibited,Prohibited,Prohibited,Yes,Yes,,2022-01-22
Sunnyvale,0677000,Santa Clara,Santa Clara County,City,Prohibited,Prohibited,Prohibited,Prohibited,Prohibited,Prohibited,Yes,Yes,,2022-01-22
Capitola,0611040,Santa Cruz,Santa Cruz County,City,Allowed,Prohibited,Prohibited,Prohibited,Prohibited,Allowed,No,No,,2022-01-22
Santa Cruz,0669112,Santa Cruz,Santa Cruz County,City,Allowed,Allowed,Allowed,Allowed,Allowed,Allowed,No,No,,2022-01-22
Scotts Valley,0670588,Santa Cruz,Santa Cruz County,City,Prohibited,Prohibited,Prohibited,Prohibited,Prohibited,Prohibited,Yes,Yes,,2022-01-22
Watsonville,0683668,Santa Cruz,Santa Cruz County,City,Allowed,Allowed,Allowed,Allowed,Allowed,Allowed,No,No,,2022-01-22
Anderson,0602042,Shasta,Shasta County,City,Prohibited,Prohibited,Prohibited,Prohibited,Prohibited,Prohibited,Yes,Yes,,2022-01-22
Redding,0659920,Shasta,Shasta County,City,Allowed,Allowed,Allowed,Allowed,Allowed,Allowed,No,No,,2022-01-22
Shasta Lake,0671225,Shasta,Shasta County,City,Allowed,Allowed,Allowed,Allowed,Allowed,Allowed,No,No,,2022-01-22
Loyalton,0644364,Sierra,Sierra County,City,Prohibited,Prohibited,Prohibited,Prohibited,Prohibited,Prohibited,Yes,Yes,,2022-01-22
Dorris,0619584,Siskiyou,Siskiyou County,City,Prohibited,Prohibited,Prohibited,Prohibited,Prohibited,Prohibited,Yes,Yes,,2022-01-22
Dunsmuir,0620242,Siskiyou,Siskiyou County,City,Allowed,Allowed,Allowed,Allowed,Allowed,Allowed,No,No,,2022-01-22
Etna,0622972,Siskiyou,Siskiyou County,City,Prohibited,Prohibited,Prohibited,Prohibited,Prohibited,Prohibited,Yes,Yes,,2022-01-22
Fort Jones,0625128,Siskiyou,Siskiyou County,City,Prohibited,Prohibited,Prohibited,Prohibited,Prohibited,Prohibited,Yes,Yes,,2022-01-22
Montague,0648690,Siskiyou,Siskiyou County,City,Prohibited,Prohibited,Prohibited,Prohibited,Prohibited,Prohibited,Yes,Yes,,2022-01-22
Mount Shasta,0649852,Siskiyou,Siskiyou County,City,Allowed,Limited-Medical Only,Allowed,Allowed,Allowed,Allowed,No,No,,2022-01-22
Tulelake,0680686,Siskiyou,Siskiyou County,City,Prohibited,Prohibited,Prohibited,Prohibited,Prohibited,Prohibited,Yes,Yes,,2022-01-22
Weed,0683850,Siskiyou,Siskiyou County,City,Allowed,Allowed,Prohibited,Prohibited,Allowed,Prohibited,No,No,,2022-01-22
Yreka,0686944,Siskiyou,Siskiyou County,City,Prohibited,Prohibited,Prohibited,Prohibited,Prohibited,Prohibited,Yes,Yes,,2022-01-22
Benicia,0605290,Solano,Solano County,City,Allowed,Allowed,Allowed,Allowed,Allowed,Allowed,No,No,,2022-01-22
Dixon,0619402,Solano,Solano County,City,Allowed,Allowed,Prohibited,Allowed,Allowed,Allowed,No,No,,2022-01-22
Fairfield,0623182,Solano,Solano County,City,Allowed,Allowed,Prohibited,Allowed,Prohibited,Allowed,No,No,,2022-01-22
Rio Vista,0660984,Solano,Solano County,City,Allowed,Allowed,Allowed,Allowed,Allowed,Allowed,No,No,,2022-01-22
Suisun City,0675630,Solano,Solano County,City,Allowed,Allowed,Allowed,Allowed,Allowed,Allowed,No,No,,2022-01-22
Vacaville,0681554,Solano,Solano County,City,Allowed,Allowed,Allowed,Allowed,Prohibited,Allowed,No,No,,2022-01-22
Vallejo,0681666,Solano,Solano County,City,Allowed,Allowed,Allowed,Allowed,Allowed,Allowed,No,No,,2022-01-22
Cloverdale,0614190,Sonoma,Sonoma County,City,Allowed,Allowed,Allowed,Allowed,Allowed,Allowed,No,No,,2022-01-22
Cotati,0616560,Sonoma,Sonoma County,City,Allowed,Allowed,Allowed,Allowed,Allowed,Allowed,No,No,,2022-01-22
Healdsburg,0633056,Sonoma,Sonoma County,City,Prohibited,Prohibited,Prohibited,Prohibited,Prohibited,Prohibited,Yes,Yes,,2022-01-22
Petaluma,0656784,Sonoma,Sonoma County,City,Prohibited,Allowed,Allowed,Allowed,Prohibited,Allowed,No,No,,2022-01-22
Rohnert Park,0662546,Sonoma,Sonoma County,City,Prohibited,Prohibited,Prohibited,Prohibited,Prohibited,Prohibited,Yes,Yes,,2022-01-22
Santa Rosa,0670098,Sonoma,Sonoma County,City,Allowed,Allowed,Allowed,Allowed,Allowed,Allowed,No,No,,2022-01-22
Sebastopol,0670770,Sonoma,Sonoma County,City,Allowed,Allowed,Allowed,Allowed,Allowed,Allowed,No,No,,2022-01-22
Sonoma,0672646,Sonoma,Sonoma County,City,Allowed,Allowed,Allowed,Allowed,Prohibited,Allowed,No,No,,2022-01-22
Windsor,0685922,Sonoma,Sonoma County,City,Prohibited,Prohibited,Prohibited,Prohibited,Prohibited,Prohibited,Yes,Yes,,2022-01-22
Ceres,0612524,Stanislaus,Stanislaus County,City,Allowed,Allowed,Allowed,Allowed,Allowed,Allowed,No,No,,2022-01-22
Hughson,0634904,Stanislaus,Stanislaus County,City,Prohibited,Prohibited,Prohibited,Prohibited,Prohibited,Prohibited,Yes,Yes,,2022-01-22
Modesto,0648354,Stanislaus,Stanislaus County,City,Allowed,Allowed,Allowed,Allowed,Allowed,Allowed,No,No,,2022-01-22
Newman,0651140,Stanislaus,Stanislaus County,City,Prohibited,Prohibited,Prohibited,Prohibited,Prohibited,Prohibited,Yes,Yes,,2022-01-22
Oakdale,0652694,Stanislaus,Stanislaus County,City,Allowed,Prohibited,Allowed,Allowed,Allowed,Allowed,No,No,,2022-01-22
Patterson,0656112,Stanislaus,Stanislaus County,City,Allowed,Prohibited,Allowed,Allowed,Allowed,Allowed,No,No,,2022-01-22
Riverbank,0661068,Stanislaus,Stanislaus County,City,Allowed,Allowed,Prohibited,Prohibited,Allowed,Allowed,No,No,,2022-01-22
Turlock,0680812,Stanislaus,Stanislaus County,City,Allowed,Allowed,Allowed,Allowed,Allowed,Allowed,No,No,,2022-01-22
Waterford,0683612,Stanislaus,Stanislaus County,City,Allowed,Allowed,Allowed,Allowed,Allowed,Allowed,No,No,,2022-01-22
Live Oak,0641936,Sutter,Sutter County,City,Prohibited,Prohibited,Prohibited,Prohibited,Prohibited,Prohibited,Yes,Yes,,2022-01-22
Yuba City,0686972,Sutter,Sutter County,City,Prohibited,Prohibited,Prohibited,Prohibited,Prohibited,Prohibited,Yes,Yes,,2022-01-22
Corning,0616322,Tehama,Tehama County,City,Prohibited,Prohibited,Prohibited,Prohibited,Prohibited,Prohibited,Yes,Yes,,2022-01-22
Red Bluff,0659892,Tehama,Tehama County,City,Prohibited,Prohibited,Prohibited,Prohibited,Prohibited,Prohibited,Yes,Yes,,2022-01-22
Tehama,0678106,Tehama,Tehama County,City,Prohibited,Prohibited,Prohibited,Prohibited,Prohibited,Prohibited,Yes,Yes,,2022-01-22
Dinuba,0619318,Tulare,Tulare County,City,Prohibited,Prohibited,Prohibited,Prohibited,Prohibited,Prohibited,Yes,Yes,,2022-01-22
Exeter,0623126,Tulare,Tulare County,City,Prohibited,Prohibited,Prohibited,Prohibited,Prohibited,Prohibited,Yes,Yes,,2022-01-22
Farmersville,0623616,Tulare,Tulare County,City,Allowed,Prohibited,Allowed,Allowed,Allowed,Allowed,No,No,,2022-01-22
Lindsay,0641712,Tulare,Tulare County,City,Allowed,Allowed,Allowed,Allowed,Allowed,Allowed,No,No,,2022-01-22
Porterville,0658240,Tulare,Tulare County,City,Allowed,Allowed,Prohibited,Prohibited,Prohibited,Prohibited,No,No,,2022-01-22
Tulare,0680644,Tulare,Tulare County,City,Allowed,Prohibited,Prohibited,Prohibited,Prohibited,Prohibited,No,No,,2022-01-22
Visalia,0682954,Tulare,Tulare County,City,Prohibited,Prohibited,Prohibited,Prohibited,Prohibited,Prohibited,Yes,Yes,,2022-01-22
Woodlake,0686300,Tulare,Tulare County,City,Allowed,Allowed,Allowed,Allowed,Allowed,Allowed,No,No,,2022-01-22
Sonora,0672674,Tuolumne,Tuolumne County,City,Allowed,Allowed,Prohibited,Allowed,Prohibited,Allowed,No,No,,2022-01-22
Camarillo,0610046,Ventura,Ventura County,City,Prohibited,Prohibited,Prohibited,Prohibited,Prohibited,Prohibited,Yes,Yes,,2022-01-22
Fillmore,0624092,Ventura,Ventura County,City,Prohibited,Prohibited,Prohibited,Prohibited,Prohibited,Prohibited,Yes,Yes,,2022-01-22
Moorpark,0649138,Ventura,Ventura County,City,Prohibited,Prohibited,Prohibited,Prohibited,Prohibited,Prohibited,Yes,Yes,,2022-01-22
Ojai,0653476,Ventura,Ventura County,City,Allowed,Allowed,Prohibited,Allowed,Prohibited,Allowed,No,No,,2022-01-22
Oxnard,0654652,Ventura,Ventura County,City,Allowed,Allowed,Allowed,Allowed,Prohibited,Allowed,No,No,,2022-01-22
Port Hueneme,0658296,Ventura,Ventura County,City,Allowed,Allowed,Allowed,Allowed,Allowed,Allowed,No,No,,2022-01-22
Santa Paula,0670042,Ventura,Ventura County,City,Prohibited,Prohibited,Prohibited,Prohibited,Prohibited,Allowed,No,Yes,,2022-01-22
Simi Valley,0672016,Ventura,Ventura County,City,Prohibited,Prohibited,Prohibited,Prohibited,Prohibited,Prohibited,Yes,Yes,,2022-01-22
Thousand Oaks,0678582,Ventura,Ventura County,City,Limited-Medical Only,Prohibited,Prohibited,Prohibited,Prohibited,Allowed,No,No,,2022-01-22
Ventura (San Buenaventura),0665042,Ventura,Ventura County,City,Allowed,Allowed,Allowed,Allowed,Prohibited,Allowed,No,No,,2022-01-22
Davis,0618100,Yolo,Yolo County,City,Allowed,Allowed,Allowed,Allowed,Prohibited,Allowed,No,No,,2022-01-22
West Sacramento,0684816,Yolo,Yolo County,City,Prohibited,Prohibited,Allowed,Allowed,Allowed,Allowed,No,Yes,,2022-01-22
Winters,0686034,Yolo,Yolo County,City,Prohibited,Prohibited,Prohibited,Prohibited,Prohibited,Prohibited,Yes,Yes,,2022-01-22
Woodland,0686328,Yolo,Yolo County,City,Prohibited,Prohibited,Allowed,Allowed,Prohibited,Allowed,No,Yes,,2022-01-22
Marysville,0646170,Yuba,Yuba County,City,Allowed,Allowed,Allowed,Allowed,Allowed,Allowed,No,No,,2022-01-22
Wheatland,0685012,Yuba,Yuba County,City,Prohibited,Prohibited,Prohibited,Prohibited,Prohibited,Prohibited,Yes,Yes,,2022-01-22