Place,GEOID,County,County label,Jurisdiction Type,Retail: Storefront,Retail: Non-Storefront,Distribution,Manufacturing,Cultivation,Testing,Are all CCA activites prohibited?,Is all retail prohibited?,CCA Prohibited by County,Updated
Alameda County,,Alameda,Alameda County,County,Allowed,Allowed,Limited,Limited,Allowed,Allowed,No,No,No,2022-01-22
Alpine County,,Alpine,Alpine County,County,Prohibited,Prohibited,Prohibited,Prohibited,Prohibited,Prohibited,Yes,Yes,Yes,2022-01-22
Amador County,,Amador,Amador County,County,Prohibited,Prohibited,Prohibited,Prohibited,Prohibited,Prohibited,Yes,Yes,Yes,2022-01-22
Butte County,,Butte,Butte County,County,Prohibited,Prohibited,Prohibited,Prohibited,Prohibited,Prohibited,Yes,Yes,Yes,2022-01-22
Calaveras County,,Calaveras,Calaveras County,County,Allowed,Prohibited,Allowed,Prohibited,Allowed,Prohibited,No,No,No,2022-01-22
Colusa County,,Colusa,Colusa County,County,Prohibited,Prohibited,Allowed,Allowed,Limited,Allowed,No,Yes,No,2022-01-22
Contra Costa County,,Contra Costa,Contra Costa County,County,Allowed,Limited,Allowed,Allowed,Limited,Allowed,No,No,No,2022-01-22
Del Norte County,,Del Norte,Del Norte County,County,Allowed,Prohibited,Prohibited,Allowed,Allowed,Prohibited,No,No,No,2022-01-22
El Dorado County,,El Dorado,El Dorado County,County,Allowed,Allowed,Allowed,Allowed,Allowed,Allowed,No,No,No,2022-01-22
Fresno County,,Fresno,Fresno County,County,Prohibited,Prohibited,Prohibited,Prohibited,Prohibited,Prohibited,Yes,Yes,Yes,2022-01-22
Glenn County,,Glenn,Glenn County,County,Prohibited,Prohibited,Prohibited,Prohibited,Prohibited,Prohibited,Yes,Yes,Yes,2022-01-22
Humboldt County,,Humboldt,Humboldt County,County,Allowed,Limited,Allowed,Allowed,Allowed,Allowed,No,No,No,2022-01-22
Imperial County,,Imperial,Imperial County,County,Allowed,Allowed,Allowed,Allowed,Allowed,Allowed,No,No,No,2022-01-22
Inyo County,,Inyo,Inyo County,County,Allowed,Allowed,Allowed,Allowed,Allowed,Allowed,No,No,No,2022-01-22
Kern County,,Kern,Kern County,County,Prohibited,Prohibited,Prohibited,Prohibited,Prohibited,Prohibited,Yes,Yes,Yes,2022-01-22
Kings County,,Kings,Kings County,County,Prohibited,Prohibited,Prohibited,Prohibited,Prohibited,Prohibited,Yes,Yes,Yes,2022-01-22
Lake County,,Lake,Lake County,County,Prohibited,Prohibited,Allowed,Allowed,Allowed,Allowed,No,Yes,No,2021-12-13
Lassen County,,Lassen,Lassen County,County,Allowed,Prohibited,Prohibited,Prohibited,Prohibited,Allowed,No,No,No,2022-01-22
Los Angeles County,,Los Angeles,Los Angeles County,County,Prohibited,Prohibited,Prohibited,Prohibited,Prohibited,Prohibited,Yes,Yes,Yes,2022-01-22
Madera County,,Madera,Madera County,County,Prohibited,Prohibited,Prohibited,Prohibited,Prohibited,Prohibited,Yes,Yes,Yes,2022-01-22
Marin County,,Marin,Marin County,County,Prohibited,Limited-Medical Only,Prohibited,Prohibited,Prohibited,Prohibited,No,No,No,2022-01-22
Mariposa County,,Mariposa,Mariposa County,County,Prohibited,Prohibited,Prohibited,Prohibited,Prohibited,Prohibited,Yes,Yes,Yes,2022-01-22
Mendocino County,,Mendocino,Mendocino County,County,Allowed,Allowed,Allowed,Allowed,Allowed,Allowed,No,No,No,2022-01-22
Merced County,,Merced,Merced County,County,Prohibited,Prohibited,Prohibited,Prohibited,Prohibited,Prohibited,Yes,Yes,Yes,2022-01-22
Modoc County,,Modoc,Modoc County,County,Prohibited,Prohibited,Prohibited,Prohibited,Prohibited,Prohibited,Yes,Yes,Yes,2022-01-22
Mono County,,Mono,Mono County,County,Allowed,Prohibited,Allowed,Allowed,Allowed,Allowed,No,No,No,2022-01-22
Monterey County,,Monterey,Monterey County,County,Allowed,Allowed,Allowed,Allowed,Allowed,Allowed,No,No,No,2022-01-22
Napa County,,Napa,Napa County,County,Prohibited,Prohibited,Prohibited,Prohibited,Prohibited,Prohibited,Yes,Yes,Yes,2022-01-22
Nevada County,,Nevada,Nevada County,County,Prohibited,Prohibited,Limited,Prohibited,Limited-Medical Only,Prohibited,No,Yes,No,2022-01-22
Orange County,,Orange,Orange County,County,Prohibited,Prohibited,Prohibited,Prohibited,Prohibited,Prohibited,Yes,Yes,Yes,2022-01-22
Placer County,,Placer,Placer County,County,Prohibited,Prohibited,Prohibited,Prohibited,Prohibited,Prohibited,Yes,Yes,Yes,2022-01-22
Plumas County,,Plumas,Plumas County,County,Prohibited,Prohibited,Prohibited,Prohibited,Prohibited,Prohibited,Yes,Yes,Yes,2022-01-22
Riverside County,,Riverside,Riverside County,County,Allowed,Allowed,Allowed,Allowed,Limited,Allowed,No,No,No,2022-01-22
Sacramento County,,Sacramento,Sacramento County,County,Prohibited,Prohibited,Prohibited,Prohibited,Prohibited,Prohibited,Yes,Yes,Yes,2022-01-22
San Benito County,,San Benito,San Benito County,County,Prohibited,Prohibited,Allowed,Allowed,Limited,Allowed,No,Yes,No,2022-01-22
San Bernardino County,,San Bernardino,San Bernardino County,County,Prohibited,Prohibited,Prohibited,Prohibited,Prohibited,Prohibited,Yes,Yes,Yes,2022-01-22
San Diego County,,San Diego,San Diego County,County,Allowed,Prohibited,Allowed,Allowed,Allowed,Prohibited,No,No,No,2022-01-22
San Francisco County,,San Francisco,San Francisco County,County,Allowed,Allowed,Allowed,Allowed,Allowed,Allowed,No,No,No,2022-03-17
San Joaquin County,,San Joaquin,San Joaquin County,County,Prohibited,Allowed,Allowed,Allowed,Allowed,Allowed,No,No,No,2022-01-22
San Luis Obispo County,,San Luis Obispo,San Luis Obispo County,County,Prohibited,Allowed,Allowed,Allowed,Limited,Allowed,No,No,No,2022-01-22
San Mateo County,,San Mateo,San Mateo County,County,Prohibited,Prohibited,Prohibited,Prohibited,Limited,Prohibited,No,Yes,No,2022-01-22
Santa Barbara County,,Santa Barbara,Santa Barbara County,County,Allowed,Allowed,Allowed,Allowed,Allowed,Allowed,No,No,No,2022-01-22
Santa Clara County,,Santa Clara,Santa Clara County,County,Prohibited,Prohibited,Prohibited,Prohibited,Prohibited,Prohibited,Yes,Yes,Yes,2022-01-22
Santa Cruz County,,Santa Cruz,Santa Cruz County,County,Allowed,Limited,Allowed,Allowed,Allowed,Prohibited,No,No,No,2022-01-22
Shasta County,,Shasta,Shasta County,County,Prohibited,Prohibited,Prohibited,Prohibited,Prohibited,Prohibited,Yes,Yes,Yes,2022-01-22
Sierra County,,Sierra,Sierra County,County,Prohibited,Prohibited,Prohibited,Prohibited,Prohibited,Prohibited,Yes,Yes,Yes,2022-01-22
Siskiyou County,,Siskiyou,Siskiyou County,County,Prohibited,Prohibited,Prohibited,Prohibited,Prohibited,Prohibited,Yes,Yes,Yes,2022-01-22
Solano County,,Solano,Solano County,County,Prohibited,Prohibited,Prohibited,Prohibited,Prohibited,Prohibited,Yes,Yes,Yes,2022-01-22
Sonoma County,,Sonoma,Sonoma County,County,Allowed,Allowed,Allowed,Allowed,Allowed,Allowed,No,No,No,2022-01-22
Stanislaus County,,Stanislaus,Stanislaus County,County,Allowed,Allowed,Allowed,Allowed,Allowed,Allowed,No,No,No,2022-01-22
Sutter County,,Sutter,Sutter County,County,Prohibited,Prohibited,Prohibited,Prohibited,Prohibited,Prohibited,Yes,Yes,Yes,2022-01-22
Tehama County,,Tehama,Tehama County,County,Prohibited,Prohibited,Prohibited,Prohibited,Prohibited,Prohibited,Yes,Yes,Yes,2022-01-22
Trinity County,,Trinity,Trinity County,County,Prohibited,Allowed,Allowed,Allowed,Allowed,Allowed,No,No,No,2022-01-22
Tulare County,,Tulare,Tulare County,County,Limited-Medical Only,Prohibited,Prohibited,Prohibited,Limited-Medical Only,Prohibited,No,No,No,2022-01-22
Tuolumne County,,Tuolumne,Tuolumne County,County,Prohibited,Prohibited,Prohibited,Prohibited,Prohibited,Prohibited,Yes,Yes,Yes,2022-01-22
Ventura County,,Ventura,Ventura County,County,Prohibited,Prohibited,Limited,Prohibited,Limited,Prohibited,No,Yes,No,2022-01-22
Yolo County,,Yolo,Yolo County,County,Allowed,Allowed,Allowed,Allowed,Allowed,Allowed,No,No,No,2022-01-22
Yuba County,,Yuba,Yuba County,County,Prohibited,Prohibited,Prohibited,Prohibited,Prohibited,Prohibited,Yes,Yes,Yes,2022-01-22
Alameda,600562,Alameda,Alameda County,City,Allowed,Allowed,Allowed,Allowed,Limited,Allowed,No,No,,2022-01-22
Albany,600674,Alameda,Alameda County,City,Prohibited,Prohibited,Prohibited,Prohibited,Prohibited,Prohibited,Yes,Yes,,2022-01-22
Berkeley,606000,Alameda,Alameda County,City,Limited,Limited,Allowed,Allowed,Allowed,Allowed,No,No,,2022-01-22
Dublin,620018,Alameda,Alameda County,City,Prohibited,Prohibited,Prohibited,Prohibited,Prohibited,Prohibited,Yes,Yes,,2022-01-22
Emeryville,622594,Alameda,Alameda County,City,Allowed,Allowed,Allowed,Allowed,Prohibited,Allowed,No,No,,2022-01-22
Fremont,626000,Alameda,Alameda County,City,Prohibited,Prohibited,Prohibited,Prohibited,Prohibited,Prohibited,Yes,Yes,,2022-01-22
Hayward,633000,Alameda,Alameda County,City,Allowed,Allowed,Allowed,Allowed,Allowed,Allowed,No,No,,2022-01-22
Livermore,641992,Alameda,Alameda County,City,Prohibited,Prohibited,Prohibited,Prohibited,Prohibited,Prohibited,Yes,Yes,,2022-01-22
Newark,650916,Alameda,Alameda County,City,Prohibited,Prohibited,Prohibited,Prohibited,Prohibited,Prohibited,Yes,Yes,,2022-01-22
Oakland,653000,Alameda,Alameda County,City,Allowed,Allowed,Allowed,Allowed,Allowed,Allowed,No,No,,2022-01-22
Piedmont,656938,Alameda,Alameda County,City,Prohibited,Prohibited,Prohibited,Prohibited,Prohibited,Prohibited,Yes,Yes,,2022-01-22
Pleasanton,657792,Alameda,Alameda County,City,Prohibited,Prohibited,Prohibited,Prohibited,Prohibited,Prohibited,Yes,Yes,,2022-01-22
San Leandro,668084,Alameda,Alameda County,City,Allowed,Allowed,Allowed,Allowed,Prohibited,Allowed,No,No,,2022-01-22
Union City,681204,Alameda,Alameda County,City,Allowed,Allowed,Allowed,Allowed,Limited,Allowed,No,No,,2022-01-22
Amador City,601514,Amador,Amador County,City,Prohibited,Prohibited,Prohibited,Prohibited,Prohibited,Prohibited,Yes,Yes,,2022-01-22
Ione,636672,Amador,Amador County,City,Prohibited,Prohibited,Prohibited,Prohibited,Prohibited,Prohibited,Yes,Yes,,2022-01-22
Jackson,636980,Amador,Amador County,City,Prohibited,Prohibited,Prohibited,Prohibited,Prohibited,Prohibited,Yes,Yes,,2022-01-22
Plymouth,657834,Amador,Amador County,City,Prohibited,Prohibited,Prohibited,Prohibited,Prohibited,Prohibited,Yes,Yes,,2022-01-22
Sutter Creek,677392,Amador,Amador County,City,Prohibited,Prohibited,Prohibited,Prohibited,Prohibited,Prohibited,Yes,Yes,,2022-01-22
Biggs,606560,Butte,Butte County,City,Prohibited,Prohibited,Prohibited,Prohibited,Prohibited,Prohibited,Yes,Yes,,2022-01-22
Chico,613014,Butte,Butte County,City,Allowed,Allowed,Allowed,Allowed,Prohibited,Allowed,No,No,,2022-01-22
Gridley,631260,Butte,Butte County,City,Prohibited,Prohibited,Prohibited,Prohibited,Prohibited,Prohibited,Yes,Yes,,2022-01-22
Oroville,654386,Butte,Butte County,City,Prohibited,Prohibited,Prohibited,Prohibited,Prohibited,Prohibited,Yes,Yes,,2022-01-22
Paradise,655520,Butte,Butte County,City,Prohibited,Prohibited,Prohibited,Prohibited,Prohibited,Prohibited,Yes,Yes,,2022-01-22
Angels Camp,602112,Calaveras,Calaveras County,City,Prohibited,Prohibited,Prohibited,Prohibited,Prohibited,Prohibited,Yes,Yes,,2022-01-22
Colusa,614946,Colusa,Colusa County,City,Prohibited,Prohibited,Prohibited,Allowed,Prohibited,Prohibited,No,Yes,,2022-01-22
Williams,685586,Colusa,Colusa County,City,Prohibited,Prohibited,Allowed,Allowed,Allowed,Allowed,No,Yes,,2022-01-22
Antioch,602252,Contra Costa,Contra Costa County,City,Allowed,Allowed,Allowed,Allowed,Allowed,Allowed,No,No,,2022-01-22
Brentwood,608142,Contra Costa,Contra Costa County,City,Prohibited,Prohibited,Prohibited,Prohibited,Prohibited,Prohibited,Yes,Yes,,2022-01-22
Clayton,613882,Contra Costa,Contra Costa County,City,Prohibited,Prohibited,Prohibited,Prohibited,Prohibited,Prohibited,Yes,Yes,,2022-01-22
Concord,616000,Contra Costa,Contra Costa County,City,Allowed,Allowed,Allowed,Allowed,Prohibited,Allowed,No,No,,2022-01-22
Danville,617988,Contra Costa,Contra Costa County,City,Prohibited,Prohibited,Prohibited,Prohibited,Prohibited,Prohibited,Yes,Yes,,2022-01-22
El Cerrito,621796,Contra Costa,Contra Costa County,City,Allowed,Prohibited,Prohibited,Prohibited,Prohibited,Prohibited,No,No,,2022-01-22
Hercules,633308,Contra Costa,Contra Costa County,City,Prohibited,Prohibited,Prohibited,Prohibited,Prohibited,Prohibited,Yes,Yes,,2022-01-22
Lafayette,639122,Contra Costa,Contra Costa County,City,Prohibited,Prohibited,Prohibited,Prohibited,Prohibited,Prohibited,Yes,Yes,,2022-01-22
Martinez,646114,Contra Costa,Contra Costa County,City,Allowed,Allowed,Allowed,Allowed,Prohibited,Allowed,No,No,,2022-01-22
Moraga,649187,Contra Costa,Contra Costa County,City,Prohibited,Prohibited,Prohibited,Prohibited,Prohibited,Prohibited,Yes,Yes,,2022-01-22
Oakley,653070,Contra Costa,Contra Costa County,City,Prohibited,Prohibited,Prohibited,Prohibited,Prohibited,Prohibited,Yes,Yes,,2022-01-22
Orinda,654232,Contra Costa,Contra Costa County,City,Prohibited,Prohibited,Prohibited,Prohibited,Prohibited,Prohibited,Yes,Yes,,2022-01-22
Pinole,657288,Contra Costa,Contra Costa County,City,Prohibited,Prohibited,Prohibited,Prohibited,Prohibited,Prohibited,Yes,Yes,,2022-01-22
Pittsburg,657456,Contra Costa,Contra Costa County,City,Prohibited,Prohibited,Allowed,Allowed,Prohibited,Allowed,No,Yes,,2022-01-22
Pleasant Hill,657764,Contra Costa,Contra Costa County,City,Prohibited,Limited-Medical Only,Prohibited,Prohibited,Prohibited,Prohibited,No,No,,2022-01-22
Richmond,660620,Contra Costa,Contra Costa County,City,Allowed,Allowed,Allowed,Allowed,Allowed,Allowed,No,No,,2022-01-22
San Pablo,668294,Contra Costa,Contra Costa County,City,Prohibited,Prohibited,Prohibited,Prohibited,Prohibited,Prohibited,Yes,Yes,,2022-01-22
San Ramon,668378,Contra Costa,Contra Costa County,City,Prohibited,Prohibited,Prohibited,Prohibited,Prohibited,Prohibited,Yes,Yes,,2022-01-22
Walnut Creek,683346,Contra Costa,Contra Costa County,City,Prohibited,Limited-Medical Only,Prohibited,Prohibited,Prohibited,Prohibited,No,No,,2022-01-22
Crescent City,617022,Del Norte,Del Norte County,City,Allowed,Allowed,Allowed,Limited,Limited,Allowed,No,No,,2022-01-22
Placerville,657540,El Dorado,El Dorado County,City,Allowed,Allowed,Allowed,Prohibited,Prohibited,Allowed,No,No,,2022-01-22
South Lake Tahoe,673108,El Dorado,El Dorado County,City,Allowed,Allowed,Allowed,Allowed,Allowed,Allowed,No,No,,2022-01-22
Clovis,614218,Fresno,Fresno County,City,Prohibited,Prohibited,Prohibited,Prohibited,Prohibited,Allowed,No,Yes,,2022-01-22
Coalinga,614274,Fresno,Fresno County,City,Allowed,Allowed,Allowed,Allowed,Allowed,Allowed,No,No,,2022-01-22
Firebaugh,624134,Fresno,Fresno County,City,Allowed,Allowed,Allowed,Allowed,Allowed,Allowed,No,No,,2022-01-22
Fowler,625436,Fresno,Fresno County,City,Prohibited,Prohibited,Prohibited,Prohibited,Prohibited,Prohibited,Yes,Yes,,2022-01-22
Fresno,627000,Fresno,Fresno County,City,Allowed,Limited,Allowed,Allowed,Limited,Allowed,No,No,,2022-01-22
Huron,636084,Fresno,Fresno County,City,Prohibited,Prohibited,Prohibited,Prohibited,Prohibited,Prohibited,Yes,Yes,,2022-01-22
Kerman,638226,Fresno,Fresno County,City,Prohibited,Prohibited,Prohibited,Prohibited,Prohibited,Prohibited,Yes,Yes,,2022-01-22
Kingsburg,638562,Fresno,Fresno County,City,Prohibited,Prohibited,Prohibited,Prohibited,Prohibited,Prohibited,Yes,Yes,,2022-01-22
Mendota,646828,Fresno,Fresno County,City,Allowed,Allowed,Allowed,Allowed,Allowed,Allowed,No,No,,2022-01-22
Orange Cove,654008,Fresno,Fresno County,City,Prohibited,Prohibited,Prohibited,Prohibited,Prohibited,Prohibited,Yes,Yes,,2022-01-22
Parlier,655856,Fresno,Fresno County,City,Prohibited,Prohibited,Allowed,Allowed,Allowed,Allowed,No,Yes,,2022-01-22
Reedley,660242,Fresno,Fresno County,City,Prohibited,Prohibited,Prohibited,Prohibited,Prohibited,Prohibited,Yes,Yes,,2022-01-22
San Joaquin,667126,Fresno,Fresno County,City,Prohibited,Prohibited,Prohibited,Prohibited,Prohibited,Prohibited,Yes,Yes,,2022-01-22
Sanger,667056,Fresno,Fresno County,City,Prohibited,Prohibited,Prohibited,Prohibited,Prohibited,Prohibited,Yes,Yes,,2022-01-22
Selma,670882,Fresno,Fresno County,City,Prohibited,Prohibited,Prohibited,Prohibited,Prohibited,Prohibited,Yes,Yes,,2022-01-22
Orland,654274,Glenn,Glenn County,City,Prohibited,Prohibited,Prohibited,Prohibited,Prohibited,Prohibited,Yes,Yes,,2022-01-22
Willows,685684,Glenn,Glenn County,City,Allowed,Limited,Prohibited,Prohibited,Prohibited,Prohibited,No,No,,2022-01-22
Arcata,602476,Humboldt,Humboldt County,City,Allowed,Allowed,Allowed,Allowed,Allowed,Allowed,No,No,,2022-01-22
Blue Lake,607162,Humboldt,Humboldt County,City,Prohibited,Prohibited,Prohibited,Prohibited,Prohibited,Prohibited,Yes,Yes,,2022-01-22
Eureka,623042,Humboldt,Humboldt County,City,Allowed,Allowed,Allowed,Allowed,Allowed,Allowed,No,No,,2022-01-22
Ferndale,623910,Humboldt,Humboldt County,City,Prohibited,Prohibited,Prohibited,Prohibited,Prohibited,Prohibited,Yes,Yes,,2022-01-22
Fortuna,625296,Humboldt,Humboldt County,City,Prohibited,Prohibited,Prohibited,Prohibited,Prohibited,Prohibited,Yes,Yes,,2022-01-22
Rio Dell,660900,Humboldt,Humboldt County,City,Allowed,Prohibited,Allowed,Allowed,Allowed,Allowed,No,No,,2022-01-22
Trinidad,680448,Humboldt,Humboldt County,City,Prohibited,Prohibited,Prohibited,Prohibited,Prohibited,Prohibited,Yes,Yes,,2022-01-22
Brawley,608058,Imperial,Imperial County,City,Prohibited,Prohibited,Prohibited,Prohibited,Prohibited,Prohibited,Yes,Yes,,2022-01-22
Calexico,609710,Imperial,Imperial County,City,Allowed,Allowed,Allowed,Allowed,Limited,Allowed,No,No,,2022-01-22
Calipatria,609878,Imperial,Imperial County,City,Prohibited,Prohibited,Prohibited,Prohibited,Prohibited,Prohibited,Yes,Yes,,2022-01-22
El Centro,621782,Imperial,Imperial County,City,Allowed,Prohibited,Prohibited,Prohibited,Prohibited,Prohibited,No,No,,2022-01-22
Holtville,634246,Imperial,Imperial County,City,Prohibited,Prohibited,Prohibited,Prohibited,Prohibited,Prohibited,Yes,Yes,,2022-01-22
Imperial,636280,Imperial,Imperial County,City,Limited,Prohibited,Prohibited,Prohibited,Prohibited,Prohibited,No,No,,2022-01-22
Westmorland,684606,Imperial,Imperial County,City,Prohibited,Prohibited,Prohibited,Prohibited,Prohibited,Prohibited,Yes,Yes,,2022-01-22
Bishop,606798,Inyo,Inyo County,City,Limited,Limited,Prohibited,Prohibited,Prohibited,Prohibited,No,No,,2022-01-22
Arvin,602924,Kern,Kern County,City,Prohibited,Allowed,Allowed,Allowed,Limited,Allowed,No,No,,2022-01-22
Bakersfield,603526,Kern,Kern County,City,Prohibited,Prohibited,Prohibited,Prohibited,Prohibited,Prohibited,Yes,Yes,,2022-01-22
California City,609780,Kern,Kern County,City,Limited,Allowed,Allowed,Allowed,Allowed,Allowed,No,No,,2022-01-22
Delano,618394,Kern,Kern County,City,Prohibited,Prohibited,Prohibited,Prohibited,Prohibited,Prohibited,Yes,Yes,,2022-01-22
Maricopa,645736,Kern,Kern County,City,Prohibited,Prohibited,Prohibited,Prohibited,Prohibited,Prohibited,Yes,Yes,,2022-01-22
McFarland,644826,Kern,Kern County,City,Prohibited,Prohibited,Prohibited,Prohibited,Prohibited,Prohibited,Yes,Yes,,2022-01-22
Ridgecrest,660704,Kern,Kern County,City,Prohibited,Prohibited,Prohibited,Prohibited,Prohibited,Prohibited,Yes,Yes,,2022-01-22
Shafter,671106,Kern,Kern County,City,Prohibited,Prohibited,Prohibited,Prohibited,Prohibited,Prohibited,Yes,Yes,,2022-01-22
Taft,677574,Kern,Kern County,City,Prohibited,Prohibited,Prohibited,Prohibited,Prohibited,Prohibited,Yes,Yes,,2022-01-22
Tehachapi,678092,Kern,Kern County,City,Prohibited,Prohibited,Prohibited,Prohibited,Prohibited,Prohibited,Yes,Yes,,2022-01-22
Wasco,683542,Kern,Kern County,City,Prohibited,Prohibited,Prohibited,Prohibited,Prohibited,Prohibited,Yes,Yes,,2022-01-22
Avenal,603302,Kings,Kings County,City,Prohibited,Prohibited,Prohibited,Prohibited,Prohibited,Prohibited,Yes,Yes,,2022-01-22
Corcoran,616224,Kings,Kings County,City,Prohibited,Prohibited,Prohibited,Prohibited,Prohibited,Prohibited,Yes,Yes,,2022-01-22
Hanford,631960,Kings,Kings County,City,Allowed,Allowed,Allowed,Allowed,Limited,Allowed,No,No,,2022-01-22
Lemoore,641152,Kings,Kings County,City,Allowed,Allowed,Allowed,Allowed,Allowed,Allowed,No,No,,2022-01-22
Clearlake,613945,Lake,Lake County,City,Allowed,Allowed,Allowed,Allowed,Allowed,Allowed,No,No,,2022-01-22
Lakeport,639710,Lake,Lake County,City,Prohibited,Allowed,Allowed,Allowed,Limited,Allowed,No,No,,2022-01-22
Susanville,677364,Lassen,Lassen County,City,Prohibited,Prohibited,Prohibited,Prohibited,Prohibited,Prohibited,Yes,Yes,,2022-01-22
Agoura Hills,600394,Los Angeles,Los Angeles County,City,Prohibited,Prohibited,Prohibited,Prohibited,Prohibited,Prohibited,Yes,Yes,,2022-01-22
Alhambra,600884,Los Angeles,Los Angeles County,City,Prohibited,Prohibited,Prohibited,Prohibited,Prohibited,Prohibited,Yes,Yes,,2022-01-22
Arcadia,602462,Los Angeles,Los Angeles County,City,Prohibited,Prohibited,Prohibited,Prohibited,Prohibited,Prohibited,Yes,Yes,,2022-01-22
Artesia,602896,Los Angeles,Los Angeles County,City,Prohibited,Prohibited,Prohibited,Prohibited,Prohibited,Prohibited,Yes,Yes,,2022-01-22
Avalon (Catalina Island),603274,Los Angeles,Los Angeles County,City,Prohibited,Limited-Medical Only,Prohibited,Prohibited,Prohibited,Prohibited,No,No,,2022-01-22
Azusa,603386,Los Angeles,Los Angeles County,City,Prohibited,Prohibited,Prohibited,Prohibited,Prohibited,Prohibited,Yes,Yes,,2022-01-22
Baldwin Park,603666,Los Angeles,Los Angeles County,City,Prohibited,Prohibited,Allowed,Allowed,Limited,Prohibited,No,Yes,,2022-01-22
Bell,604870,Los Angeles,Los Angeles County,City,Prohibited,Prohibited,Limited-Medical Only,Limited-Medical Only,Limited-Medical Only,Limited-Medical Only,No,Yes,,2022-01-22
Bell Gardens,604996,Los Angeles,Los Angeles County,City,Prohibited,Prohibited,Prohibited,Prohibited,Prohibited,Prohibited,Yes,Yes,,2022-01-22
Bellflower,604982,Los Angeles,Los Angeles County,City,Allowed,Allowed,Allowed,Allowed,Allowed,Allowed,No,No,,2022-01-22
Beverly Hills,606308,Los Angeles,Los Angeles County,City,Prohibited,Prohibited,Prohibited,Prohibited,Prohibited,Prohibited,Yes,Yes,,2022-01-22
Bradbury,607946,Los Angeles,Los Angeles County,City,Prohibited,Prohibited,Prohibited,Prohibited,Prohibited,Prohibited,Yes,Yes,,2022-01-22
Burbank,608954,Los Angeles,Los Angeles County,City,Prohibited,Prohibited,Prohibited,Prohibited,Prohibited,Prohibited,Yes,Yes,,2022-01-22
Calabasas,609598,Los Angeles,Los Angeles County,City,Prohibited,Prohibited,Prohibited,Prohibited,Prohibited,Prohibited,Yes,Yes,,2022-01-22
Carson,611530,Los Angeles,Los Angeles County,City,Prohibited,Prohibited,Allowed,Allowed,Limited,Allowed,No,Yes,,2022-01-22
Cerritos,612552,Los Angeles,Los Angeles County,City,Prohibited,Prohibited,Prohibited,Prohibited,Prohibited,Prohibited,Yes,Yes,,2022-01-22
Claremont,613756,Los Angeles,Los Angeles County,City,Prohibited,Prohibited,Prohibited,Prohibited,Prohibited,Prohibited,Yes,Yes,,2022-01-22
Commerce,614974,Los Angeles,Los Angeles County,City,Prohibited,Allowed,Allowed,Allowed,Limited,Allowed,No,No,,2022-01-22
Compton,615044,Los Angeles,Los Angeles County,City,Prohibited,Prohibited,Prohibited,Prohibited,Prohibited,Prohibited,Yes,Yes,,2022-01-22
Covina,616742,Los Angeles,Los Angeles County,City,Prohibited,Prohibited,Prohibited,Prohibited,Prohibited,Prohibited,Yes,Yes,,2022-01-22
Cudahy,617498,Los Angeles,Los Angeles County,City,Prohibited,Limited-Medical Only,Limited-Medical Only,Limited-Medical Only,Limited-Medical Only,Limited-Medical Only,No,No,,2022-01-22
Culver City,617568,Los Angeles,Los Angeles County,City,Allowed,Allowed,Allowed,Allowed,Limited,Allowed,No,No,,2022-01-22
Diamond Bar,619192,Los Angeles,Los Angeles County,City,Prohibited,Prohibited,Prohibited,Prohibited,Prohibited,Prohibited,Yes,Yes,,2022-01-22
Downey,619766,Los Angeles,Los Angeles County,City,Prohibited,Prohibited,Prohibited,Prohibited,Prohibited,Prohibited,Yes,Yes,,2022-01-22
Duarte,619990,Los Angeles,Los Angeles County,City,Prohibited,Prohibited,Prohibited,Prohibited,Prohibited,Prohibited,Yes,Yes,,2022-01-22
El Monte,622230,Los Angeles,Los Angeles County,City,Allowed,Allowed,Allowed,Allowed,Limited,Allowed,No,No,,2022-01-22
El Segundo,622412,Los Angeles,Los Angeles County,City,Prohibited,Prohibited,Prohibited,Prohibited,Prohibited,Prohibited,Yes,Yes,,2022-01-22
Gardena,628168,Los Angeles,Los Angeles County,City,Prohibited,Prohibited,Prohibited,Prohibited,Prohibited,Prohibited,Yes,Yes,,2022-01-22
Glendale,630000,Los Angeles,Los Angeles County,City,Prohibited,Prohibited,Prohibited,Prohibited,Prohibited,Prohibited,Yes,Yes,,2022-01-22
Glendora,630014,Los Angeles,Los Angeles County,City,Prohibited,Prohibited,Prohibited,Prohibited,Prohibited,Prohibited,Yes,Yes,,2022-01-22
Hawaiian Gardens,632506,Los Angeles,Los Angeles County,City,Prohibited,Prohibited,Prohibited,Prohibited,Prohibited,Prohibited,Yes,Yes,,2022-01-22
Hawthorne,632548,Los Angeles,Los Angeles County,City,Prohibited,Prohibited,Prohibited,Prohibited,Prohibited,Prohibited,Yes,Yes,,2022-01-22
Hermosa Beach,633364,Los Angeles,Los Angeles County,City,Prohibited,Prohibited,Prohibited,Prohibited,Prohibited,Prohibited,Yes,Yes,,2022-01-22
Hidden Hills,633518,Los Angeles,Los Angeles County,City,Prohibited,Prohibited,Prohibited,Prohibited,Prohibited,Prohibited,Yes,Yes,,2022-01-22
Huntington Park,636056,Los Angeles,Los Angeles County,City,Limited-Medical Only,Limited,Prohibited,Allowed,Allowed,Prohibited,No,No,,2022-01-22
Industry,636490,Los Angeles,Los Angeles County,City,Prohibited,Prohibited,Prohibited,Prohibited,Prohibited,Prohibited,Yes,Yes,,2022-01-22
Inglewood,636546,Los Angeles,Los Angeles County,City,Prohibited,Prohibited,Prohibited,Prohibited,Prohibited,Prohibited,Yes,Yes,,2022-01-22
Irwindale,636826,Los Angeles,Los Angeles County,City,Prohibited,Prohibited,Prohibited,Prohibited,Prohibited,Prohibited,Yes,Yes,,2022-01-22
La Cañada Flintridge,639003,Los Angeles,Los Angeles County,City,Prohibited,Prohibited,Prohibited,Prohibited,Prohibited,Prohibited,Yes,Yes,,2022-01-22
La Habra Heights,639304,Los Angeles,Los Angeles County,City,Prohibited,Prohibited,Prohibited,Prohibited,Prohibited,Prohibited,Yes,Yes,,2022-01-22
La Mirada,640032,Los Angeles,Los Angeles County,City,Prohibited,Prohibited,Prohibited,Prohibited,Prohibited,Prohibited,Yes,Yes,,2022-01-22
La Puente,640340,Los Angeles,Los Angeles County,City,Prohibited,Prohibited,Prohibited,Prohibited,Prohibited,Prohibited,Yes,Yes,,2022-01-22
La Verne,640830,Los Angeles,Los Angeles County,City,Prohibited,Prohibited,Prohibited,Prohibited,Prohibited,Prohibited,Yes,Yes,,2022-01-22
Lakewood,639892,Los Angeles,Los Angeles County,City,Prohibited,Prohibited,Prohibited,Prohibited,Prohibited,Prohibited,Yes,Yes,,2022-01-22
Lancaster,640130,Los Angeles,Los Angeles County,City,Allowed,Limited,Allowed,Allowed,Allowed,Allowed,No,No,,2022-01-22
Lawndale,640886,Los Angeles,Los Angeles County,City,Prohibited,Prohibited,Prohibited,Prohibited,Prohibited,Prohibited,Yes,Yes,,2022-01-22
Lomita,642468,Los Angeles,Los Angeles County,City,Prohibited,Prohibited,Prohibited,Prohibited,Prohibited,Prohibited,Yes,Yes,,2022-01-22
Long Beach,643000,Los Angeles,Los Angeles County,City,Allowed,Allowed,Allowed,Allowed,Allowed,Allowed,No,No,,2022-01-22
Los Angeles,644000,Los Angeles,Los Angeles County,City,Allowed,Allowed,Allowed,Allowed,Allowed,Allowed,No,No,,2022-01-22
Lynwood,644574,Los Angeles,Los Angeles County,City,Prohibited,Allowed,Allowed,Allowed,Limited,Allowed,No,No,,2022-01-22
Malibu,645246,Los Angeles,Los Angeles County,City,Allowed,Allowed,Prohibited,Prohibited,Prohibited,Prohibited,No,No,,2022-01-22
Manhattan Beach,645400,Los Angeles,Los Angeles County,City,Prohibited,Prohibited,Prohibited,Prohibited,Prohibited,Prohibited,Yes,Yes,,2022-01-22
Maywood,646492,Los Angeles,Los Angeles County,City,Limited,Limited,Limited,Limited,Limited,Limited,No,No,,2022-01-22
Monrovia,648648,Los Angeles,Los Angeles County,City,Prohibited,Prohibited,Prohibited,Prohibited,Prohibited,Allowed,No,Yes,,2022-01-22
Montebello,648816,Los Angeles,Los Angeles County,City,Prohibited,Allowed,Allowed,Allowed,Allowed,Allowed,No,No,,2022-01-22
Monterey Park,648914,Los Angeles,Los Angeles County,City,Prohibited,Prohibited,Prohibited,Prohibited,Prohibited,Prohibited,Yes,Yes,,2022-01-22
Norwalk,652526,Los Angeles,Los Angeles County,City,Prohibited,Prohibited,Prohibited,Prohibited,Prohibited,Prohibited,Yes,Yes,,2022-01-22
Palmdale,655156,Los Angeles,Los Angeles County,City,Prohibited,Prohibited,Prohibited,Prohibited,Prohibited,Prohibited,Yes,Yes,,2022-01-22
Palos Verdes Estates,655380,Los Angeles,Los Angeles County,City,Prohibited,Prohibited,Prohibited,Prohibited,Prohibited,Prohibited,Yes,Yes,,2022-01-22
Paramount,655618,Los Angeles,Los Angeles County,City,Prohibited,Prohibited,Prohibited,Prohibited,Prohibited,Prohibited,Yes,Yes,,2022-01-22
Pasadena,656000,Los Angeles,Los Angeles County,City,Allowed,Allowed,Allowed,Allowed,Allowed,Allowed,No,No,,2022-01-22
Pico Rivera,656924,Los Angeles,Los Angeles County,City,Prohibited,Prohibited,Prohibited,Prohibited,Prohibited,Prohibited,Yes,Yes,,2022-01-22
Pomona,658072,Los Angeles,Los Angeles County,City,Allowed,Allowed,Allowed,Allowed,Limited,Allowed,No,No,,2022-01-22
Rancho Palos Verdes,659514,Los Angeles,Los Angeles County,City,Prohibited,Prohibited,Prohibited,Prohibited,Prohibited,Prohibited,Yes,Yes,,2022-01-22
Redondo Beach,660018,Los Angeles,Los Angeles County,City,Prohibited,Prohibited,Prohibited,Prohibited,Prohibited,Prohibited,Yes,Yes,,2022-01-22
Rolling Hills,662602,Los Angeles,Los Angeles County,City,Prohibited,Limited-Medical Only,Limited-Medical Only,Prohibited,Prohibited,Prohibited,No,No,,2022-01-22
Rolling Hills Estates,662644,Los Angeles,Los Angeles County,City,Prohibited,Prohibited,Prohibited,Prohibited,Prohibited,Prohibited,Yes,Yes,,2022-01-22
Rosemead,662896,Los Angeles,Los Angeles County,City,Prohibited,Prohibited,Prohibited,Prohibited,Prohibited,Prohibited,Yes,Yes,,2022-01-22
San Dimas,666070,Los Angeles,Los Angeles County,City,Prohibited,Prohibited,Prohibited,Prohibited,Prohibited,Prohibited,Yes,Yes,,2022-01-22
San Fernando,666140,Los Angeles,Los Angeles County,City,Prohibited,Prohibited,Prohibited,Prohibited,Prohibited,Prohibited,Yes,Yes,,2022-01-22
San Gabriel,667042,Los Angeles,Los Angeles County,City,Prohibited,Prohibited,Prohibited,Prohibited,Prohibited,Prohibited,Yes,Yes,,2022-01-22
San Marino,668224,Los Angeles,Los Angeles County,City,Prohibited,Prohibited,Prohibited,Prohibited,Prohibited,Prohibited,Yes,Yes,,2022-01-22
Santa Clarita,669088,Los Angeles,Los Angeles County,City,Prohibited,Prohibited,Prohibited,Prohibited,Prohibited,Prohibited,Yes,Yes,,2022-01-22
Santa Fe Springs,669154,Los Angeles,Los Angeles County,City,Prohibited,Prohibited,Prohibited,Prohibited,Prohibited,Prohibited,Yes,Yes,,2022-01-22
Santa Monica,670000,Los Angeles,Los Angeles County,City,Limited-Medical Only,Prohibited,Prohibited,Limited-Medical Only,Prohibited,Prohibited,No,No,,2022-01-22
Sierra Madre,671806,Los Angeles,Los Angeles County,City,Prohibited,Prohibited,Prohibited,Prohibited,Prohibited,Prohibited,Yes,Yes,,2022-01-22
Signal Hill,671876,Los Angeles,Los Angeles County,City,Prohibited,Prohibited,Prohibited,Prohibited,Prohibited,Prohibited,Yes,Yes,,2022-01-22
South El Monte,672996,Los Angeles,Los Angeles County,City,Prohibited,Prohibited,Prohibited,Prohibited,Prohibited,Prohibited,Yes,Yes,,2022-01-22
South Gate,673080,Los Angeles,Los Angeles County,City,Prohibited,Prohibited,Prohibited,Prohibited,Prohibited,Prohibited,Yes,Yes,,2022-01-22
South Pasadena,673220,Los Angeles,Los Angeles County,City,Prohibited,Prohibited,Prohibited,Prohibited,Prohibited,Prohibited,Yes,Yes,,2022-01-22
Temple City,678148,Los Angeles,Los Angeles County,City,Prohibited,Prohibited,Prohibited,Prohibited,Prohibited,Prohibited,Yes,Yes,,2022-01-22
Torrance,680000,Los Angeles,Los Angeles County,City,Prohibited,Prohibited,Prohibited,Prohibited,Prohibited,Prohibited,Yes,Yes,,2022-01-22
Vernon,682422,Los Angeles,Los Angeles County,City,Prohibited,Prohibited,Prohibited,Prohibited,Prohibited,Prohibited,Yes,Yes,,2022-01-22
Walnut,683332,Los Angeles,Los Angeles County,City,Prohibited,Prohibited,Prohibited,Prohibited,Prohibited,Prohibited,Yes,Yes,,2022-01-22
West Covina,684200,Los Angeles,Los Angeles County,City,Prohibited,Prohibited,Prohibited,Prohibited,Prohibited,Prohibited,Yes,Yes,,2022-01-22
West Hollywood,684410,Los Angeles,Los Angeles County,City,Allowed,Allowed,Prohibited,Prohibited,Prohibited,Prohibited,No,No,,2022-01-22
Westlake Village,684438,Los Angeles,Los Angeles County,City,Prohibited,Prohibited,Prohibited,Prohibited,Prohibited,Prohibited,Yes,Yes,,2022-01-22
Whittier,685292,Los Angeles,Los Angeles County,City,Prohibited,Prohibited,Prohibited,Prohibited,Prohibited,Prohibited,Yes,Yes,,2022-01-22
Chowchilla,613294,Madera,Madera County,City,Prohibited,Prohibited,Prohibited,Prohibited,Prohibited,Prohibited,Yes,Yes,,2022-01-22
Madera,645022,Madera,Madera County,City,Prohibited,Prohibited,Prohibited,Prohibited,Prohibited,Prohibited,Yes,Yes,,2022-01-22
Belvedere,605164,Marin,Marin County,City,Prohibited,Prohibited,Prohibited,Prohibited,Prohibited,Prohibited,Yes,Yes,,2022-01-22
Corte Madera,616462,Marin,Marin County,City,Prohibited,Prohibited,Prohibited,Prohibited,Prohibited,Prohibited,Yes,Yes,,2022-01-22
Fairfax,623168,Marin,Marin County,City,Limited-Medical Only,Allowed,Prohibited,Prohibited,Prohibited,Prohibited,No,No,,2022-01-22
Larkspur,640438,Marin,Marin County,City,Prohibited,Prohibited,Prohibited,Prohibited,Prohibited,Prohibited,Yes,Yes,,2022-01-22
Mill Valley,647710,Marin,Marin County,City,Prohibited,Prohibited,Prohibited,Prohibited,Prohibited,Prohibited,Yes,Yes,,2022-01-22
Novato,652582,Marin,Marin County,City,Prohibited,Allowed,Allowed,Allowed,Limited,Allowed,No,No,,2022-01-22
Ross,662980,Marin,Marin County,City,Prohibited,Prohibited,Prohibited,Prohibited,Prohibited,Prohibited,Yes,Yes,,2022-01-22
San Anselmo,664434,Marin,Marin County,City,Prohibited,Prohibited,Prohibited,Prohibited,Prohibited,Prohibited,Yes,Yes,,2022-01-22
San Rafael,668364,Marin,Marin County,City,Prohibited,Allowed,Allowed,Limited,Prohibited,Allowed,No,No,,2022-01-22
Sausalito,670364,Marin,Marin County,City,Prohibited,Prohibited,Prohibited,Prohibited,Prohibited,Prohibited,Yes,Yes,,2022-01-22
Tiburon,678666,Marin,Marin County,City,Prohibited,Prohibited,Prohibited,Prohibited,Prohibited,Prohibited,Yes,Yes,,2022-01-22
Fort Bragg,625058,Mendocino,Mendocino County,City,Allowed,Allowed,Allowed,Allowed,Limited,Allowed,No,No,,2022-01-22
Point Arena,657876,Mendocino,Mendocino County,City,Allowed,Prohibited,Allowed,Allowed,Allowed,Allowed,No,No,,2022-01-22
Ukiah,681134,Mendocino,Mendocino County,City,Allowed,Allowed,Allowed,Allowed,Allowed,Allowed,No,No,,2022-01-22
Willits,685600,Mendocino,Mendocino County,City,Allowed,Allowed,Allowed,Allowed,Allowed,Allowed,No,No,,2022-01-22
Atwater,603162,Merced,Merced County,City,Allowed,Allowed,Allowed,Allowed,Limited,Allowed,No,No,,2022-01-22
Dos Palos,619612,Merced,Merced County,City,Prohibited,Prohibited,Prohibited,Prohibited,Prohibited,Prohibited,Yes,Yes,,2022-01-22
Gustine,631568,Merced,Merced County,City,Allowed,Allowed,Allowed,Allowed,Limited,Prohibited,No,No,,2022-01-22
Livingston,642006,Merced,Merced County,City,Prohibited,Prohibited,Prohibited,Allowed,Limited,Allowed,No,Yes,,2022-01-22
Los Banos,644028,Merced,Merced County,City,Prohibited,Prohibited,Prohibited,Prohibited,Prohibited,Prohibited,Yes,Yes,,2022-01-22
Merced,646898,Merced,Merced County,City,Allowed,Allowed,Allowed,Allowed,Limited,Allowed,No,No,,2022-01-22
Alturas,601444,Modoc,Modoc County,City,Prohibited,Prohibited,Prohibited,Prohibited,Prohibited,Prohibited,Yes,Yes,,2022-01-22
Mammoth Lakes,645358,Mono,Mono County,City,Allowed,Prohibited,Allowed,Limited,Limited,Allowed,No,No,,2022-01-22
Carmel-by-the-Sea,611250,Monterey,Monterey County,City,Prohibited,Prohibited,Prohibited,Prohibited,Prohibited,Prohibited,Yes,Yes,,2022-01-22
Del Rey Oaks,618688,Monterey,Monterey County,City,Allowed,Allowed,Allowed,Allowed,Limited,Allowed,No,No,,2022-01-22
Gonzales,630392,Monterey,Monterey County,City,Prohibited,Prohibited,Prohibited,Limited-Medical Only,Limited-Medical Only,Prohibited,No,Yes,,2022-01-22
Greenfield,630994,Monterey,Monterey County,City,Allowed,Allowed,Allowed,Allowed,Limited,Allowed,No,No,,2022-01-22
King City,638520,Monterey,Monterey County,City,Allowed,Allowed,Allowed,Allowed,Limited,Allowed,No,No,,2022-01-22
Marina,645778,Monterey,Monterey County,City,Allowed,Allowed,Allowed,Allowed,Allowed,Allowed,No,No,,2022-01-22
Monterey,648872,Monterey,Monterey County,City,Prohibited,Prohibited,Prohibited,Prohibited,Prohibited,Allowed,No,Yes,,2022-01-22
Pacific Grove,654848,Monterey,Monterey County,City,Prohibited,Prohibited,Prohibited,Prohibited,Prohibited,Prohibited,Yes,Yes,,2022-01-22
Salinas,664224,Monterey,Monterey County,City,Allowed,Allowed,Allowed,Allowed,Limited,Allowed,No,No,,2022-01-22
Sand City,665112,Monterey,Monterey County,City,Prohibited,Prohibited,Prohibited,Prohibited,Prohibited,Prohibited,Yes,Yes,,2022-01-22
Seaside,670742,Monterey,Monterey County,City,Allowed,Allowed,Allowed,Allowed,Allowed,Allowed,No,No,,2022-01-22
Soledad,672520,Monterey,Monterey County,City,Prohibited,Prohibited,Prohibited,Prohibited,Prohibited,Prohibited,Yes,Yes,,2022-01-22
American Canyon,601640,Napa,Napa County,City,Prohibited,Allowed,Allowed,Allowed,Limited,Allowed,No,No,,2022-01-22
Calistoga,609892,Napa,Napa County,City,Prohibited,Prohibited,Prohibited,Prohibited,Prohibited,Prohibited,Yes,Yes,,2022-01-22
Napa,650258,Napa,Napa County,City,Limited-Medical Only,Limited-Medical Only,Prohibited,Allowed,Prohibited,Prohibited,No,No,,2022-01-22
St. Helena,664140,Napa,Napa County,City,Prohibited,Prohibited,Prohibited,Prohibited,Prohibited,Prohibited,Yes,Yes,,2022-01-22
Yountville,686930,Napa,Napa County,City,Prohibited,Allowed,Prohibited,Prohibited,Prohibited,Prohibited,No,No,,2022-01-22
Grass Valley,630798,Nevada,Nevada County,City,Limited,Limited,Limited,Limited,Limited,Limited,No,No,,2022-01-22
Nevada City,650874,Nevada,Nevada County,City,Allowed,Allowed,Allowed,Allowed,Limited,Allowed,No,No,,2022-01-22
Truckee,680588,Nevada,Nevada County,City,Prohibited,Allowed,Prohibited,Prohibited,Prohibited,Prohibited,No,No,,2022-01-22
Aliso Viejo,600947,Orange,Orange County,City,Prohibited,Prohibited,Prohibited,Prohibited,Prohibited,Prohibited,Yes,Yes,,2022-01-22
Anaheim,602000,Orange,Orange County,City,Prohibited,Prohibited,Prohibited,Prohibited,Prohibited,Prohibited,Yes,Yes,,2022-01-22
Brea,608100,Orange,Orange County,City,Prohibited,Prohibited,Prohibited,Prohibited,Prohibited,Prohibited,Yes,Yes,,2022-01-22
Buena Park,608786,Orange,Orange County,City,Prohibited,Prohibited,Prohibited,Prohibited,Prohibited,Prohibited,Yes,Yes,,2022-01-22
Costa Mesa,616532,Orange,Orange County,City,Allowed,Allowed,Allowed,Allowed,Prohibited,Allowed,No,No,,2022-01-22
Cypress,617750,Orange,Orange County,City,Prohibited,Prohibited,Prohibited,Prohibited,Prohibited,Prohibited,Yes,Yes,,2022-01-22
Dana Point,617946,Orange,Orange County,City,Prohibited,Prohibited,Prohibited,Prohibited,Prohibited,Prohibited,Yes,Yes,,2022-01-22
Fountain Valley,625380,Orange,Orange County,City,Prohibited,Prohibited,Prohibited,Prohibited,Prohibited,Prohibited,Yes,Yes,,2022-01-22
Fullerton,628000,Orange,Orange County,City,Limited,Limited,Limited,Limited,Limited,Allowed,No,No,,2022-01-22
Garden Grove,629000,Orange,Orange County,City,Prohibited,Prohibited,Prohibited,Prohibited,Prohibited,Prohibited,Yes,Yes,,2022-01-22
Huntington Beach,636000,Orange,Orange County,City,Prohibited,Prohibited,Prohibited,Prohibited,Prohibited,Prohibited,Yes,Yes,,2022-01-22
Irvine,636770,Orange,Orange County,City,Prohibited,Prohibited,Prohibited,Prohibited,Prohibited,Allowed,No,Yes,,2022-01-22
La Habra,639290,Orange,Orange County,City,Prohibited,Allowed,Allowed,Prohibited,Prohibited,Allowed,No,No,,2022-01-22
La Palma,640256,Orange,Orange County,City,Prohibited,Prohibited,Prohibited,Prohibited,Prohibited,Prohibited,Yes,Yes,,2022-01-22
Laguna Beach,639178,Orange,Orange County,City,Prohibited,Prohibited,Prohibited,Prohibited,Prohibited,Prohibited,Yes,Yes,,2022-01-22
Laguna Hills,639220,Orange,Orange County,City,Prohibited,Prohibited,Prohibited,Prohibited,Prohibited,Prohibited,Yes,Yes,,2022-01-22
Laguna Niguel,639248,Orange,Orange County,City,Prohibited,Prohibited,Prohibited,Prohibited,Prohibited,Prohibited,Yes,Yes,,2022-01-22
Laguna Woods,639259,Orange,Orange County,City,Prohibited,Prohibited,Prohibited,Prohibited,Prohibited,Prohibited,Yes,Yes,,2022-01-22
Lake Forest,639496,Orange,Orange County,City,Prohibited,Prohibited,Prohibited,Prohibited,Prohibited,Allowed,No,Yes,,2022-01-22
Los Alamitos,643224,Orange,Orange County,City,Prohibited,Prohibited,Prohibited,Prohibited,Prohibited,Prohibited,Yes,Yes,,2022-01-22
Mission Viejo,648256,Orange,Orange County,City,Prohibited,Prohibited,Prohibited,Prohibited,Prohibited,Prohibited,Yes,Yes,,2022-01-22
Newport Beach,651182,Orange,Orange County,City,Prohibited,Prohibited,Prohibited,Prohibited,Prohibited,Prohibited,Yes,Yes,,2022-01-22
Orange,653980,Orange,Orange County,City,Prohibited,Prohibited,Prohibited,Prohibited,Prohibited,Prohibited,Yes,Yes,,2022-01-22
Placentia,657526,Orange,Orange County,City,Prohibited,Prohibited,Prohibited,Prohibited,Prohibited,Prohibited,Yes,Yes,,2022-01-22
Rancho Santa Margarita,659587,Orange,Orange County,City,Prohibited,Prohibited,Prohibited,Prohibited,Prohibited,Prohibited,Yes,Yes,,2022-01-22
San Clemente,665084,Orange,Orange County,City,Prohibited,Prohibited,Prohibited,Prohibited,Prohibited,Prohibited,Yes,Yes,,2022-01-22
San Juan Capistrano,668028,Orange,Orange County,City,Prohibited,Prohibited,Prohibited,Prohibited,Prohibited,Prohibited,Yes,Yes,,2022-01-22
Santa Ana,669000,Orange,Orange County,City,Allowed,Allowed,Allowed,Allowed,Allowed,Allowed,No,No,,2022-01-22
Seal Beach,670686,Orange,Orange County,City,Prohibited,Prohibited,Prohibited,Prohibited,Prohibited,Prohibited,Yes,Yes,,2022-01-22
Stanton,673962,Orange,Orange County,City,Allowed,Allowed,Allowed,Allowed,Limited,Allowed,No,No,,2022-01-22
Tustin,680854,Orange,Orange County,City,Prohibited,Prohibited,Prohibited,Prohibited,Prohibited,Prohibited,Yes,Yes,,2022-01-22
Villa Park,682744,Orange,Orange County,City,Prohibited,Prohibited,Prohibited,Prohibited,Prohibited,Prohibited,Yes,Yes,,2022-01-22
Westminster,684550,Orange,Orange County,City,Prohibited,Prohibited,Prohibited,Prohibited,Prohibited,Prohibited,Yes,Yes,,2022-01-22
Yorba Linda,686832,Orange,Orange County,City,Prohibited,Prohibited,Prohibited,Prohibited,Prohibited,Prohibited,Yes,Yes,,2022-01-22
Auburn,603204,Placer,Placer County,City,Prohibited,Prohibited,Prohibited,Prohibited,Prohibited,Prohibited,Yes,Yes,,2022-01-22
Colfax,614498,Placer,Placer County,City,Allowed,Allowed,Allowed,Allowed,Limited,Allowed,No,No,,2022-01-22
Lincoln,641474,Placer,Placer County,City,Prohibited,Prohibited,Prohibited,Prohibited,Prohibited,Prohibited,Yes,Yes,,2022-01-22
Loomis,643140,Placer,Placer County,City,Prohibited,Prohibited,Prohibited,Prohibited,Prohibited,Prohibited,Yes,Yes,,2022-01-22
Rocklin,662364,Placer,Placer County,City,Prohibited,Prohibited,Prohibited,Prohibited,Prohibited,Prohibited,Yes,Yes,,2022-01-22
Roseville,662938,Placer,Placer County,City,Prohibited,Prohibited,Prohibited,Prohibited,Prohibited,Prohibited,Yes,Yes,,2022-01-22
Portola,658352,Plumas,Plumas County,City,Prohibited,Prohibited,Prohibited,Prohibited,Prohibited,Prohibited,Yes,Yes,,2022-01-22
Banning,603820,Riverside,Riverside County,City,Allowed,Prohibited,Allowed,Allowed,Limited,Allowed,No,No,,2022-01-22
Beaumont,604758,Riverside,Riverside County,City,Prohibited,Prohibited,Prohibited,Prohibited,Prohibited,Prohibited,Yes,Yes,,2022-01-22
Blythe,607218,Riverside,Riverside County,City,Limited,Prohibited,Allowed,Allowed,Allowed,Limited,No,No,,2022-01-22
Calimesa,609864,Riverside,Riverside County,City,Prohibited,Prohibited,Prohibited,Prohibited,Prohibited,Prohibited,Yes,Yes,,2022-01-22
Canyon Lake,610928,Riverside,Riverside County,City,Prohibited,Prohibited,Prohibited,Prohibited,Prohibited,Prohibited,Yes,Yes,,2022-01-22
Cathedral City,612048,Riverside,Riverside County,City,Allowed,Allowed,Allowed,Allowed,Allowed,Allowed,No,No,,2022-01-22
Coachella,614260,Riverside,Riverside County,City,Allowed,Allowed,Allowed,Allowed,Limited,Allowed,No,No,,2022-01-22
Corona,616350,Riverside,Riverside County,City,Limited,Allowed,Allowed,Allowed,Prohibited,Allowed,No,No,,2022-01-22
Desert Hot Springs,618996,Riverside,Riverside County,City,Allowed,Allowed,Allowed,Allowed,Allowed,Allowed,No,No,,2022-01-22
Eastvale,621230,Riverside,Riverside County,City,Prohibited,Prohibited,Prohibited,Prohibited,Prohibited,Prohibited,Yes,Yes,,2022-01-22
Hemet,633182,Riverside,Riverside County,City,Allowed,Allowed,Allowed,Allowed,Limited,Allowed,No,No,,2022-01-22
Indian Wells,636434,Riverside,Riverside County,City,Prohibited,Prohibited,Prohibited,Prohibited,Prohibited,Prohibited,Yes,Yes,,2022-01-22
Indio,636448,Riverside,Riverside County,City,Prohibited,Prohibited,Prohibited,Prohibited,Prohibited,Prohibited,Yes,Yes,,2022-01-22
Jurupa Valley,637692,Riverside,Riverside County,City,Allowed,Prohibited,Allowed,Allowed,Limited,Allowed,No,No,,2022-01-22
La Quinta,640354,Riverside,Riverside County,City,Prohibited,Limited-Medical Only,Prohibited,Prohibited,Prohibited,Prohibited,No,No,,2022-01-22
Lake Elsinore,639486,Riverside,Riverside County,City,Allowed,Prohibited,Allowed,Allowed,Limited,Allowed,No,No,,2022-01-22
Menifee,646842,Riverside,Riverside County,City,Prohibited,Prohibited,Prohibited,Prohibited,Prohibited,Prohibited,Yes,Yes,,2022-01-22
Moreno Valley,649270,Riverside,Riverside County,City,Allowed,Allowed,Allowed,Allowed,Allowed,Allowed,No,No,,2022-01-22
Murrieta,650076,Riverside,Riverside County,City,Prohibited,Prohibited,Prohibited,Prohibited,Prohibited,Allowed,No,Yes,,2022-01-22
Norco,651560,Riverside,Riverside County,City,Prohibited,Prohibited,Prohibited,Prohibited,Prohibited,Prohibited,Yes,Yes,,2022-01-22
Palm Desert,655184,Riverside,Riverside County,City,Allowed,Allowed,Allowed,Allowed,Allowed,Allowed,No,No,,2022-01-22
Palm Springs,655254,Riverside,Riverside County,City,Allowed,Allowed,Allowed,Allowed,Allowed,Allowed,No,No,,2022-01-22
Perris,656700,Riverside,Riverside County,City,Allowed,Allowed,Allowed,Allowed,Limited,Allowed,No,No,,2022-01-22
Rancho Mirage,659500,Riverside,Riverside County,City,Prohibited,Prohibited,Prohibited,Prohibited,Prohibited,Prohibited,Yes,Yes,,2022-01-22
Riverside,662000,Riverside,Riverside County,City,Prohibited,Prohibited,Prohibited,Prohibited,Prohibited,Allowed,No,Yes,,2022-01-22
San Jacinto,667112,Riverside,Riverside County,City,Allowed,Prohibited,Allowed,Allowed,Allowed,Allowed,No,No,,2022-01-22
Temecula,678120,Riverside,Riverside County,City,Prohibited,Prohibited,Prohibited,Prohibited,Prohibited,Prohibited,Yes,Yes,,2022-01-22
Wildomar,685446,Riverside,Riverside County,City,Allowed,Allowed,Allowed,Allowed,Allowed,Allowed,No,No,,2022-01-22
Citrus Heights,613588,Sacramento,Sacramento County,City,Prohibited,Prohibited,Prohibited,Prohibited,Prohibited,Prohibited,Yes,Yes,,2022-01-22
Elk Grove,622020,Sacramento,Sacramento County,City,Prohibited,Prohibited,Prohibited,Prohibited,Prohibited,Prohibited,Yes,Yes,,2022-01-22
Folsom,624638,Sacramento,Sacramento County,City,Prohibited,Prohibited,Prohibited,Prohibited,Prohibited,Prohibited,Yes,Yes,,2022-01-22
Galt,628112,Sacramento,Sacramento County,City,Prohibited,Prohibited,Prohibited,Prohibited,Prohibited,Prohibited,Yes,Yes,,2022-01-22
Isleton,636882,Sacramento,Sacramento County,City,Allowed,Allowed,Allowed,Allowed,Limited,Allowed,No,No,,2022-01-22
Rancho Cordova,659444,Sacramento,Sacramento County,City,Prohibited,Prohibited,Prohibited,Prohibited,Prohibited,Prohibited,Yes,Yes,,2022-01-22
Sacramento,664000,Sacramento,Sacramento County,City,Allowed,Allowed,Allowed,Allowed,Limited,Allowed,No,No,,2022-01-22
Hollister,634120,San Benito,San Benito County,City,Limited-Medical Only,Limited,Allowed,Allowed,Limited,Allowed,No,No,,2022-01-22
San Juan Bautista,668014,San Benito,San Benito County,City,Allowed,Allowed,Allowed,Allowed,Allowed,Allowed,No,No,,2022-01-22
Adelanto,600296,San Bernardino,San Bernardino County,City,Limited,Limited,Allowed,Allowed,Allowed,Allowed,No,No,,2022-01-22
Apple Valley,602364,San Bernardino,San Bernardino County,City,Prohibited,Prohibited,Prohibited,Prohibited,Prohibited,Prohibited,Yes,Yes,,2022-01-22
Barstow,604030,San Bernardino,San Bernardino County,City,Allowed,Allowed,Allowed,Allowed,Limited,Allowed,No,No,,2022-01-22
Big Bear Lake,606434,San Bernardino,San Bernardino County,City,Prohibited,Prohibited,Prohibited,Prohibited,Prohibited,Prohibited,Yes,Yes,,2022-01-22
Chino,613210,San Bernardino,San Bernardino County,City,Prohibited,Prohibited,Prohibited,Prohibited,Prohibited,Prohibited,Yes,Yes,,2022-01-22
Chino Hills,613214,San Bernardino,San Bernardino County,City,Prohibited,Prohibited,Prohibited,Prohibited,Prohibited,Prohibited,Yes,Yes,,2022-01-22
Colton,614890,San Bernardino,San Bernardino County,City,Prohibited,Prohibited,Prohibited,Allowed,Limited,Allowed,No,Yes,,2022-01-22
Fontana,624680,San Bernardino,San Bernardino County,City,Prohibited,Prohibited,Prohibited,Prohibited,Prohibited,Prohibited,Yes,Yes,,2022-01-22
Grand Terrace,630658,San Bernardino,San Bernardino County,City,Prohibited,Prohibited,Prohibited,Prohibited,Prohibited,Prohibited,Yes,Yes,,2022-01-22
Hesperia,633434,San Bernardino,San Bernardino County,City,Prohibited,Limited-Medical Only,Prohibited,Prohibited,Prohibited,Prohibited,No,No,,2022-01-22
Highland,633588,San Bernardino,San Bernardino County,City,Prohibited,Prohibited,Prohibited,Prohibited,Prohibited,Prohibited,Yes,Yes,,2022-01-22
Loma Linda,642370,San Bernardino,San Bernardino County,City,Prohibited,Prohibited,Prohibited,Prohibited,Prohibited,Prohibited,Yes,Yes,,2022-01-22
Montclair,648788,San Bernardino,San Bernardino County,City,Prohibited,Prohibited,Prohibited,Prohibited,Prohibited,Prohibited,Yes,Yes,,2022-01-22
Needles,650734,San Bernardino,San Bernardino County,City,Allowed,Allowed,Allowed,Allowed,Allowed,Allowed,No,No,,2022-01-22
Ontario,653896,San Bernardino,San Bernardino County,City,Prohibited,Prohibited,Prohibited,Prohibited,Prohibited,Prohibited,Yes,Yes,,2022-01-22
Rancho Cucamonga,659451,San Bernardino,San Bernardino County,City,Prohibited,Prohibited,Prohibited,Prohibited,Prohibited,Prohibited,Yes,Yes,,2022-01-22
Redlands,659962,San Bernardino,San Bernardino County,City,Prohibited,Prohibited,Prohibited,Prohibited,Prohibited,Prohibited,Yes,Yes,,2022-01-22
Rialto,660466,San Bernardino,San Bernardino County,City,Prohibited,Prohibited,Prohibited,Prohibited,Prohibited,Prohibited,Yes,Yes,,2022-01-22
San Bernardino,665000,San Bernardino,San Bernardino County,City,Allowed,Allowed,Allowed,Allowed,Limited,Allowed,No,No,,2022-01-22
Twentynine Palms,680994,San Bernardino,San Bernardino County,City,Prohibited,Prohibited,Prohibited,Prohibited,Prohibited,Prohibited,Yes,Yes,,2022-01-22
Upland,681344,San Bernardino,San Bernardino County,City,Prohibited,Prohibited,Prohibited,Prohibited,Prohibited,Prohibited,Yes,Yes,,2022-01-22
Victorville,682590,San Bernardino,San Bernardino County,City,Prohibited,Prohibited,Prohibited,Prohibited,Prohibited,Prohibited,Yes,Yes,,2022-01-22
Yucaipa,687042,San Bernardino,San Bernardino County,City,Prohibited,Prohibited,Prohibited,Prohibited,Prohibited,Prohibited,Yes,Yes,,2022-01-22
Yucca Valley,687056,San Bernardino,San Bernardino County,City,Prohibited,Prohibited,Prohibited,Prohibited,Prohibited,Prohibited,Yes,Yes,,2022-01-22
Carlsbad,611194,San Diego,San Diego County,City,Prohibited,Prohibited,Prohibited,Prohibited,Prohibited,Prohibited,Yes,Yes,,2022-01-22
Chula Vista,613392,San Diego,San Diego County,City,Limited,Allowed,Allowed,Allowed,Limited,Allowed,No,No,,2022-01-22
Coronado,616378,San Diego,San Diego County,City,Prohibited,Prohibited,Prohibited,Prohibited,Prohibited,Prohibited,Yes,Yes,,2022-01-22
Del Mar,618506,San Diego,San Diego County,City,Prohibited,Prohibited,Prohibited,Prohibited,Prohibited,Prohibited,Yes,Yes,,2022-01-22
El Cajon,621712,San Diego,San Diego County,City,Prohibited,Prohibited,Prohibited,Prohibited,Prohibited,Prohibited,Yes,Yes,,2022-01-22
Encinitas,622678,San Diego,San Diego County,City,Allowed,Allowed,Allowed,Allowed,Allowed,Prohibited,No,No,,2022-01-22
Escondido,622804,San Diego,San Diego County,City,Prohibited,Prohibited,Prohibited,Prohibited,Prohibited,Prohibited,Yes,Yes,,2022-01-22
Imperial Beach,636294,San Diego,San Diego County,City,Allowed,Allowed,Prohibited,Prohibited,Prohibited,Prohibited,No,No,,2022-01-22
La Mesa,640004,San Diego,San Diego County,City,Allowed,Prohibited,Allowed,Allowed,Allowed,Allowed,No,No,,2022-01-22
Lemon Grove,641124,San Diego,San Diego County,City,Allowed,Allowed,Allowed,Allowed,Allowed,Prohibited,No,No,,2022-01-22
National City,650398,San Diego,San Diego County,City,Allowed,Allowed,Allowed,Allowed,Allowed,Allowed,No,No,,2022-01-22
Oceanside,653322,San Diego,San Diego County,City,Prohibited,Allowed,Allowed,Allowed,Allowed,Allowed,No,No,,2022-01-22
Poway,658520,San Diego,San Diego County,City,Prohibited,Prohibited,Prohibited,Prohibited,Prohibited,Prohibited,Yes,Yes,,2022-01-22
San Diego,666000,San Diego,San Diego County,City,Allowed,Allowed,Allowed,Allowed,Allowed,Allowed,No,No,,2022-01-22
San Marcos,668196,San Diego,San Diego County,City,Prohibited,Prohibited,Prohibited,Prohibited,Prohibited,Prohibited,Yes,Yes,,2022-01-22
Santee,670224,San Diego,San Diego County,City,Prohibited,Prohibited,Prohibited,Prohibited,Prohibited,Prohibited,Yes,Yes,,2022-01-22
Solana Beach,672506,San Diego,San Diego County,City,Prohibited,Prohibited,Prohibited,Prohibited,Prohibited,Prohibited,Yes,Yes,,2022-01-22
Vista,682996,San Diego,San Diego County,City,Allowed,Allowed,Allowed,Allowed,Prohibited,Allowed,No,No,,2022-01-22
San Francisco,667000,San Francisco,San Francisco County,City,Allowed,Allowed,Allowed,Allowed,Allowed,Allowed,No,No,,2022-01-22
Escalon,622790,San Joaquin,San Joaquin County,City,Prohibited,Prohibited,Prohibited,Prohibited,Prohibited,Prohibited,Yes,Yes,,2022-01-22
Lathrop,640704,San Joaquin,San Joaquin County,City,Limited,Prohibited,Prohibited,Prohibited,Prohibited,Prohibited,No,No,,2022-01-22
Lodi,642202,San Joaquin,San Joaquin County,City,Prohibited,Prohibited,Prohibited,Prohibited,Prohibited,Prohibited,Yes,Yes,,2022-01-22
Manteca,645484,San Joaquin,San Joaquin County,City,Prohibited,Prohibited,Prohibited,Prohibited,Prohibited,Prohibited,Yes,Yes,,2022-01-22
Ripon,661026,San Joaquin,San Joaquin County,City,Prohibited,Prohibited,Prohibited,Prohibited,Prohibited,Prohibited,Yes,Yes,,2022-01-22
Stockton,675000,San Joaquin,San Joaquin County,City,Allowed,Allowed,Allowed,Allowed,Limited,Allowed,No,No,,2022-01-22
Tracy,680238,San Joaquin,San Joaquin County,City,Allowed,Allowed,Allowed,Allowed,Limited,Allowed,No,No,,2022-01-22
Arroyo Grande,602868,San Luis Obispo,San Luis Obispo County,City,Prohibited,Prohibited,Prohibited,Prohibited,Prohibited,Prohibited,Yes,Yes,,2022-01-22
Atascadero,603064,San Luis Obispo,San Luis Obispo County,City,Prohibited,Allowed,Prohibited,Prohibited,Prohibited,Allowed,No,No,,2022-01-22
Grover Beach,631393,San Luis Obispo,San Luis Obispo County,City,Allowed,Allowed,Allowed,Allowed,Allowed,Allowed,No,No,,2022-01-22
Morro Bay,649362,San Luis Obispo,San Luis Obispo County,City,Allowed,Allowed,Allowed,Prohibited,Prohibited,Prohibited,No,No,,2022-01-22
Paso Robles (El Paso de Robles),622300,San Luis Obispo,San Luis Obispo County,City,Prohibited,Prohibited,Prohibited,Prohibited,Prohibited,Prohibited,Yes,Yes,,2022-01-22
Pismo Beach,657414,San Luis Obispo,San Luis Obispo County,City,Prohibited,Prohibited,Prohibited,Prohibited,Prohibited,Prohibited,Yes,Yes,,2022-01-22
San Luis Obispo,668154,San Luis Obispo,San Luis Obispo County,City,Allowed,Allowed,Allowed,Allowed,Limited,Allowed,No,No,,2022-01-22
Atherton,603092,San Mateo,San Mateo County,City,Prohibited,Prohibited,Prohibited,Prohibited,Prohibited,Prohibited,Yes,Yes,,2022-01-22
Belmont,605108,San Mateo,San Mateo County,City,Prohibited,Prohibited,Prohibited,Prohibited,Prohibited,Prohibited,Yes,Yes,,2022-01-22
Brisbane,608310,San Mateo,San Mateo County,City,Prohibited,Allowed,Allowed,Allowed,Prohibited,Allowed,No,No,,2022-01-22
Burlingame,609066,San Mateo,San Mateo County,City,Prohibited,Allowed,Prohibited,Prohibited,Prohibited,Prohibited,No,No,,2022-01-22
Colma,614736,San Mateo,San Mateo County,City,Prohibited,Prohibited,Prohibited,Prohibited,Prohibited,Prohibited,Yes,Yes,,2022-01-22
Daly City,617918,San Mateo,San Mateo County,City,Allowed,Allowed,Prohibited,Prohibited,Prohibited,Allowed,No,No,,2022-01-22
East Palo Alto,620956,San Mateo,San Mateo County,City,Prohibited,Prohibited,Prohibited,Prohibited,Prohibited,Prohibited,Yes,Yes,,2022-01-22
Foster City,625338,San Mateo,San Mateo County,City,Prohibited,Prohibited,Prohibited,Prohibited,Prohibited,Allowed,No,Yes,,2022-01-22
Half Moon Bay,631708,San Mateo,San Mateo County,City,Prohibited,Prohibited,Prohibited,Prohibited,Limited,Prohibited,No,Yes,,2022-01-22
Hillsborough,633798,San Mateo,San Mateo County,City,Prohibited,Prohibited,Prohibited,Prohibited,Prohibited,Prohibited,Yes,Yes,,2022-01-22
Menlo Park,646870,San Mateo,San Mateo County,City,Prohibited,Prohibited,Prohibited,Prohibited,Prohibited,Prohibited,Yes,Yes,,2022-01-22
Millbrae,647486,San Mateo,San Mateo County,City,Prohibited,Prohibited,Prohibited,Prohibited,Prohibited,Prohibited,Yes,Yes,,2022-01-22
Pacifica,654806,San Mateo,San Mateo County,City,Allowed,Limited,Allowed,Allowed,Prohibited,Allowed,No,No,,2022-01-22
Portola Valley,658380,San Mateo,San Mateo County,City,Prohibited,Prohibited,Prohibited,Prohibited,Limited,Prohibited,No,Yes,,2022-01-22
Redwood City,660102,San Mateo,San Mateo County,City,Allowed,Allowed,Prohibited,Prohibited,Limited,Prohibited,No,No,,2022-01-22
San Bruno,665028,San Mateo,San Mateo County,City,Prohibited,Prohibited,Prohibited,Prohibited,Prohibited,Prohibited,Yes,Yes,,2022-01-22
San Carlos,665070,San Mateo,San Mateo County,City,Prohibited,Prohibited,Allowed,Allowed,Allowed,Allowed,No,Yes,,2022-01-22
San Mateo,668252,San Mateo,San Mateo County,City,Prohibited,Prohibited,Prohibited,Prohibited,Prohibited,Prohibited,Yes,Yes,,2022-01-22
South San Francisco,673262,San Mateo,San Mateo County,City,Prohibited,Allowed,Allowed,Allowed,Limited,Allowed,No,No,,2022-01-22
Woodside,686440,San Mateo,San Mateo County,City,Prohibited,Prohibited,Prohibited,Prohibited,Prohibited,Prohibited,Yes,Yes,,2022-01-22
Buellton,608758,Santa Barbara,Santa Barbara County,City,Prohibited,Prohibited,Prohibited,Prohibited,Prohibited,Allowed,No,Yes,,2022-01-22
Carpinteria,611446,Santa Barbara,Santa Barbara County,City,Prohibited,Allowed,Allowed,Allowed,Prohibited,Allowed,No,No,,2022-01-22
Goleta,630378,Santa Barbara,Santa Barbara County,City,Allowed,Allowed,Allowed,Allowed,Limited,Allowed,No,No,,2022-01-22
Guadalupe,631414,Santa Barbara,Santa Barbara County,City,Allowed,Allowed,Allowed,Allowed,Limited,Allowed,No,No,,2022-01-22
Lompoc,642524,Santa Barbara,Santa Barbara County,City,Allowed,Allowed,Allowed,Allowed,Limited,Allowed,No,No,,2022-01-22
Santa Barbara,669070,Santa Barbara,Santa Barbara County,City,Allowed,Allowed,Allowed,Allowed,Limited,Allowed,No,No,,2022-01-22
Santa Maria,669196,Santa Barbara,Santa Barbara County,City,Prohibited,Prohibited,Prohibited,Prohibited,Prohibited,Prohibited,Yes,Yes,,2022-01-22
Solvang,672576,Santa Barbara,Santa Barbara County,City,Limited-Medical Only,Limited-Medical Only,Limited-Medical Only,Limited-Medical Only,Limited-Medical Only,Limited-Medical Only,No,No,,2022-01-22
Campbell,610345,Santa Clara,Santa Clara County,City,Prohibited,Prohibited,Prohibited,Prohibited,Prohibited,Prohibited,Yes,Yes,,2022-01-22
Cupertino,617610,Santa Clara,Santa Clara County,City,Prohibited,Prohibited,Prohibited,Prohibited,Prohibited,Prohibited,Yes,Yes,,2022-01-22
Gilroy,629504,Santa Clara,Santa Clara County,City,Prohibited,Prohibited,Prohibited,Prohibited,Prohibited,Prohibited,Yes,Yes,,2022-01-22
Los Altos,643280,Santa Clara,Santa Clara County,City,Prohibited,Prohibited,Prohibited,Prohibited,Prohibited,Prohibited,Yes,Yes,,2022-01-22
Los Altos Hills,643294,Santa Clara,Santa Clara County,City,Prohibited,Prohibited,Prohibited,Prohibited,Prohibited,Prohibited,Yes,Yes,,2022-01-22
Los Gatos,644112,Santa Clara,Santa Clara County,City,Prohibited,Prohibited,Prohibited,Prohibited,Prohibited,Prohibited,Yes,Yes,,2022-01-22
Milpitas,647766,Santa Clara,Santa Clara County,City,Prohibited,Prohibited,Prohibited,Prohibited,Prohibited,Prohibited,Yes,Yes,,2022-01-22
Monte Sereno,648956,Santa Clara,Santa Clara County,City,Prohibited,Prohibited,Prohibited,Prohibited,Prohibited,Prohibited,Yes,Yes,,2022-01-22
Morgan Hill,649278,Santa Clara,Santa Clara County,City,Prohibited,Prohibited,Prohibited,Prohibited,Prohibited,Prohibited,Yes,Yes,,2022-01-22
Mountain View,649670,Santa Clara,Santa Clara County,City,Allowed,Allowed,Prohibited,Prohibited,Prohibited,Prohibited,No,No,,2022-01-22
Palo Alto,655282,Santa Clara,Santa Clara County,City,Prohibited,Prohibited,Prohibited,Prohibited,Prohibited,Prohibited,Yes,Yes,,2022-01-22
San Jose,668000,Santa Clara,Santa Clara County,City,Limited,Limited,Allowed,Allowed,Limited,Allowed,No,No,,2022-01-22
Santa Clara,669084,Santa Clara,Santa Clara County,City,Prohibited,Prohibited,Prohibited,Prohibited,Prohibited,Prohibited,Yes,Yes,,2022-01-22
Saratoga,670280,Santa Clara,Santa Clara County,City,Prohibited,Prohibited,Prohibited,Prohibited,Prohibited,Prohibited,Yes,Yes,,2022-01-22
Sunnyvale,677000,Santa Clara,Santa Clara County,City,Prohibited,Prohibited,Prohibited,Prohibited,Prohibited,Prohibited,Yes,Yes,,2022-01-22
Capitola,611040,Santa Cruz,Santa Cruz County,City,Allowed,Prohibited,Prohibited,Prohibited,Prohibited,Allowed,No,No,,2022-01-22
Santa Cruz,669112,Santa Cruz,Santa Cruz County,City,Allowed,Allowed,Allowed,Allowed,Allowed,Allowed,No,No,,2022-01-22
Scotts Valley,670588,Santa Cruz,Santa Cruz County,City,Prohibited,Prohibited,Prohibited,Prohibited,Prohibited,Prohibited,Yes,Yes,,2022-01-22
Watsonville,683668,Santa Cruz,Santa Cruz County,City,Allowed,Allowed,Allowed,Allowed,Allowed,Allowed,No,No,,2022-01-22
Anderson,602042,Shasta,Shasta County,City,Prohibited,Prohibited,Prohibited,Prohibited,Prohibited,Prohibited,Yes,Yes,,2022-01-22
Redding,659920,Shasta,Shasta County,City,Allowed,Allowed,Allowed,Allowed,Limited,Allowed,No,No,,2022-01-22
Shasta Lake,671225,Shasta,Shasta County,City,Allowed,Allowed,Allowed,Allowed,Limited,Allowed,No,No,,2022-01-22
Loyalton,644364,Sierra,Sierra County,City,Prohibited,Prohibited,Prohibited,Prohibited,Prohibited,Prohibited,Yes,Yes,,2022-01-22
Dorris,619584,Siskiyou,Siskiyou County,City,Prohibited,Prohibited,Prohibited,Prohibited,Prohibited,Prohibited,Yes,Yes,,2022-01-22
Dunsmuir,620242,Siskiyou,Siskiyou County,City,Allowed,Allowed,Allowed,Allowed,Limited,Allowed,No,No,,2022-01-22
Etna,622972,Siskiyou,Siskiyou County,City,Prohibited,Prohibited,Prohibited,Prohibited,Prohibited,Prohibited,Yes,Yes,,2022-01-22
Fort Jones,625128,Siskiyou,Siskiyou County,City,Prohibited,Prohibited,Prohibited,Prohibited,Prohibited,Prohibited,Yes,Yes,,2022-01-22
Montague,648690,Siskiyou,Siskiyou County,City,Prohibited,Prohibited,Prohibited,Prohibited,Prohibited,Prohibited,Yes,Yes,,2022-01-22
Mount Shasta,649852,Siskiyou,Siskiyou County,City,Allowed,Limited-Medical Only,Allowed,Allowed,Allowed,Allowed,No,No,,2022-01-22
Tulelake,680686,Siskiyou,Siskiyou County,City,Prohibited,Prohibited,Prohibited,Prohibited,Prohibited,Prohibited,Yes,Yes,,2022-01-22
Weed,683850,Siskiyou,Siskiyou County,City,Allowed,Allowed,Prohibited,Prohibited,Limited,Prohibited,No,No,,2022-01-22
Yreka,686944,Siskiyou,Siskiyou County,City,Prohibited,Prohibited,Prohibited,Prohibited,Prohibited,Prohibited,Yes,Yes,,2022-01-22
Benicia,605290,Solano,Solano County,City,Limited,Allowed,Allowed,Allowed,Limited,Allowed,No,No,,2022-01-22
Dixon,619402,Solano,Solano County,City,Allowed,Allowed,Prohibited,Allowed,Limited,Allowed,No,No,,2022-01-22
Fairfield,623182,Solano,Solano County,City,Allowed,Allowed,Prohibited,Allowed,Prohibited,Allowed,No,No,,2022-01-22
Rio Vista,660984,Solano,Solano County,City,Allowed,Allowed,Allowed,Allowed,Limited,Allowed,No,No,,2022-01-22
Suisun City,675630,Solano,Solano County,City,Allowed,Allowed,Allowed,Allowed,Limited,Allowed,No,No,,2022-01-22
Vacaville,681554,Solano,Solano County,City,Allowed,Allowed,Allowed,Allowed,Prohibited,Allowed,No,No,,2022-01-22
Vallejo,681666,Solano,Solano County,City,Allowed,Allowed,Allowed,Allowed,Allowed,Allowed,No,No,,2022-01-22
Cloverdale,614190,Sonoma,Sonoma County,City,Allowed,Allowed,Allowed,Allowed,Allowed,Allowed,No,No,,2022-01-22
Cotati,616560,Sonoma,Sonoma County,City,Allowed,Allowed,Allowed,Allowed,Allowed,Allowed,No,No,,2022-01-22
Healdsburg,633056,Sonoma,Sonoma County,City,Prohibited,Prohibited,Prohibited,Prohibited,Prohibited,Prohibited,Yes,Yes,,2022-01-22
Petaluma,656784,Sonoma,Sonoma County,City,Prohibited,Allowed,Allowed,Allowed,Prohibited,Allowed,No,No,,2022-01-22
Rohnert Park,662546,Sonoma,Sonoma County,City,Prohibited,Prohibited,Prohibited,Prohibited,Prohibited,Prohibited,Yes,Yes,,2022-01-22
Santa Rosa,670098,Sonoma,Sonoma County,City,Allowed,Allowed,Allowed,Allowed,Limited,Allowed,No,No,,2022-01-22
Sebastopol,670770,Sonoma,Sonoma County,City,Allowed,Allowed,Allowed,Allowed,Limited,Allowed,No,No,,2022-01-22
Sonoma,672646,Sonoma,Sonoma County,City,Allowed,Allowed,Allowed,Limited,Prohibited,Allowed,No,No,,2022-01-22
Windsor,685922,Sonoma,Sonoma County,City,Prohibited,Prohibited,Prohibited,Prohibited,Prohibited,Prohibited,Yes,Yes,,2022-01-22
Ceres,612524,Stanislaus,Stanislaus County,City,Allowed,Allowed,Allowed,Allowed,Limited,Allowed,No,No,,2022-01-22
Hughson,634904,Stanislaus,Stanislaus County,City,Prohibited,Prohibited,Prohibited,Prohibited,Prohibited,Prohibited,Yes,Yes,,2022-01-22
Modesto,648354,Stanislaus,Stanislaus County,City,Allowed,Allowed,Allowed,Allowed,Allowed,Allowed,No,No,,2022-01-22
Newman,651140,Stanislaus,Stanislaus County,City,Prohibited,Prohibited,Prohibited,Prohibited,Prohibited,Prohibited,Yes,Yes,,2022-01-22
Oakdale,652694,Stanislaus,Stanislaus County,City,Allowed,Prohibited,Allowed,Allowed,Allowed,Allowed,No,No,,2022-01-22
Patterson,656112,Stanislaus,Stanislaus County,City,Allowed,Prohibited,Allowed,Allowed,Limited,Allowed,No,No,,2022-01-22
Riverbank,661068,Stanislaus,Stanislaus County,City,Allowed,Allowed,Prohibited,Prohibited,Limited,Allowed,No,No,,2022-01-22
Turlock,680812,Stanislaus,Stanislaus County,City,Allowed,Limited,Allowed,Allowed,Limited,Allowed,No,No,,2022-01-22
Waterford,683612,Stanislaus,Stanislaus County,City,Allowed,Allowed,Allowed,Allowed,Allowed,Allowed,No,No,,2022-01-22
Live Oak,641936,Sutter,Sutter County,City,Prohibited,Prohibited,Prohibited,Prohibited,Prohibited,Prohibited,Yes,Yes,,2022-01-22
Yuba City,686972,Sutter,Sutter County,City,Prohibited,Prohibited,Prohibited,Prohibited,Prohibited,Prohibited,Yes,Yes,,2022-01-22
Corning,616322,Tehama,Tehama County,City,Prohibited,Prohibited,Prohibited,Prohibited,Prohibited,Prohibited,Yes,Yes,,2022-01-22
Red Bluff,659892,Tehama,Tehama County,City,Prohibited,Prohibited,Prohibited,Prohibited,Prohibited,Prohibited,Yes,Yes,,2022-01-22
Tehama,678106,Tehama,Tehama County,City,Prohibited,Prohibited,Prohibited,Prohibited,Prohibited,Prohibited,Yes,Yes,,2022-01-22
Dinuba,619318,Tulare,Tulare County,City,Prohibited,Prohibited,Prohibited,Prohibited,Prohibited,Prohibited,Yes,Yes,,2022-01-22
Exeter,623126,Tulare,Tulare County,City,Prohibited,Prohibited,Prohibited,Prohibited,Prohibited,Prohibited,Yes,Yes,,2022-01-22
Farmersville,623616,Tulare,Tulare County,City,Allowed,Prohibited,Allowed,Allowed,Limited,Allowed,No,No,,2022-01-22
Lindsay,641712,Tulare,Tulare County,City,Allowed,Limited,Allowed,Allowed,Limited,Allowed,No,No,,2022-01-22
Porterville,658240,Tulare,Tulare County,City,Allowed,Limited,Prohibited,Prohibited,Prohibited,Prohibited,No,No,,2022-01-22
Tulare,680644,Tulare,Tulare County,City,Allowed,Prohibited,Prohibited,Prohibited,Prohibited,Prohibited,No,No,,2022-01-22
Visalia,682954,Tulare,Tulare County,City,Prohibited,Prohibited,Prohibited,Prohibited,Prohibited,Prohibited,Yes,Yes,,2022-01-22
Woodlake,686300,Tulare,Tulare County,City,Allowed,Allowed,Allowed,Allowed,Limited,Allowed,No,No,,2022-01-22
Sonora,672674,Tuolumne,Tuolumne County,City,Limited,Limited,Prohibited,Allowed,Prohibited,Allowed,No,No,,2022-01-22
Camarillo,610046,Ventura,Ventura County,City,Prohibited,Prohibited,Prohibited,Prohibited,Prohibited,Prohibited,Yes,Yes,,2022-01-22
Fillmore,624092,Ventura,Ventura County,City,Prohibited,Prohibited,Prohibited,Prohibited,Prohibited,Prohibited,Yes,Yes,,2022-01-22
Moorpark,649138,Ventura,Ventura County,City,Prohibited,Prohibited,Prohibited,Prohibited,Prohibited,Prohibited,Yes,Yes,,2022-01-22
Ojai,653476,Ventura,Ventura County,City,Allowed,Allowed,Prohibited,Allowed,Prohibited,Allowed,No,No,,2022-01-22
Oxnard,654652,Ventura,Ventura County,City,Allowed,Allowed,Allowed,Allowed,Prohibited,Allowed,No,No,,2022-01-22
Port Hueneme,658296,Ventura,Ventura County,City,Allowed,Allowed,Allowed,Allowed,Limited,Allowed,No,No,,2022-01-22
Santa Paula,670042,Ventura,Ventura County,City,Prohibited,Prohibited,Prohibited,Prohibited,Prohibited,Allowed,No,Yes,,2022-01-22
Simi Valley,672016,Ventura,Ventura County,City,Prohibited,Prohibited,Prohibited,Prohibited,Prohibited,Prohibited,Yes,Yes,,2022-01-22
Thousand Oaks,678582,Ventura,Ventura County,City,Limited-Medical Only,Prohibited,Prohibited,Prohibited,Prohibited,Allowed,No,No,,2022-01-22
Ventura (San Buenaventura),665042,Ventura,Ventura County,City,Allowed,Allowed,Allowed,Allowed,Prohibited,Allowed,No,No,,2022-01-22
Davis,618100,Yolo,Yolo County,City,Allowed,Allowed,Allowed,Allowed,Prohibited,Allowed,No,No,,2022-01-22
West Sacramento,684816,Yolo,Yolo County,City,Prohibited,Prohibited,Allowed,Allowed,Limited,Allowed,No,Yes,,2022-01-22
Winters,686034,Yolo,Yolo County,City,Prohibited,Prohibited,Prohibited,Prohibited,Prohibited,Prohibited,Yes,Yes,,2022-01-22
Woodland,686328,Yolo,Yolo County,City,Prohibited,Prohibited,Allowed,Allowed,Prohibited,Allowed,No,Yes,,2022-01-22
Marysville,646170,Yuba,Yuba County,City,Allowed,Allowed,Allowed,Allowed,Limited,Allowed,No,No,,2022-01-22
Wheatland,685012,Yuba,Yuba County,City,Prohibited,Prohibited,Prohibited,Prohibited,Prohibited,Prohibited,Yes,Yes,,2022-01-22